-3.2651,5.86775,-3.40114,-11.01554,1.59645,-7.05972,-7.9037,2.55658,-3.82648,-4.50521,2
9.97837,3.1709,-7.67015,2.92821,2.01942,-3.86447,-3.53833,-2.70663,-4.53285,-5.69183,1
-4.75496,5.74122,-4.5619,2.29269,5.19976,2.46004,0.30412,-8.31116,0.2122,1.9561,0
8.47005,2.44686,-7.14686,5.57369,2.11044,-4.64244,-4.61536,-2.0301,-6.03727,-5.63232,1
-5.82996,5.66449,-3.10123,2.19138,3.49172,0.69316,1.26824,-9.2728,3.0808,2.38802,0
8.92156,2.84789,-6.8819,3.9396,3.74403,-2.87255,-3.22072,-5.44339,-7.36014,-7.13107,1
-4.11508,6.23091,-5.46681,1.69576,4.96643,-0.7371,1.87116,-7.72598,1.67647,2.12928,0
8.28552,2.99451,-6.08884,3.36016,3.73374,-3.75847,-3.57565,-4.94346,-4.32872,-6.69091,1
-4.25023,7.05505,-3.81505,2.26393,4.11443,-1.00568,-1.12238,-9.23421,2.69662,2.46907,0
8.95996,1.60785,-6.2059,5.55042,5.80094,-3.50869,-2.00273,-4.75591,-5.7726,-6.36308,1
-6.25031,6.98458,-3.0198,4.09569,4.67278,-0.22382,-0.70185,-9.5442,1.3241,3.09705,0
-2.36791,4.91655,-4.02378,-9.83666,2.87758,-7.06765,-6.61975,4.43363,-3.14994,-2.67855,2
-4.11295,7.56481,-5.00265,1.98929,4.66184,1.54593,-0.69119,-7.41793,3.22164,2.16043,0
9.00392,0.56872,-7.08361,2.64058,3.25725,-4.11672,-4.0977,-3.83732,-6.1729,-6.33062,1
6.5831,1.19013,-7.70529,4.7095,4.3362,-3.52643,-4.36634,-3.14806,-5.84658,-5.56043,1
-2.72399,7.12871,-3.06045,-7.97803,0.29013,-7.68951,-8.72151,3.00979,-3.75434,-3.21626,2
-3.16157,4.72927,-2.57861,-10.96753,3.33502,-7.89267,-8.6948,3.48646,-4.28505,-3.11495,2
-1.71034,6.64492,-2.43064,-9.89882,2.61457,-8.92461,-7.82398,1.6647,-5.35217,-3.09475,2
10.33548,3.57294,-5.33457,5.40577,2.70999,-3.35401,-3.1466,-4.43727,-8.36001,-6.0016,1
-2.84499,4.61059,-1.39815,-8.48195,3.13865,-7.01945,-6.96387,2.96265,-3.78938,-1.29452,2
8.23391,2.55298,-7.87673,1.82529,3.82571,-3.83004,-2.55859,-4.38176,-6.23858,-6.96735,1
-6.45024,5.65241,-5.85119,1.96511,3.25572,1.49999,0.31486,-8.93864,2.02504,4.56344,0
-2.91244,6.65937,-4.84752,-9.22594,4.8744,-7.91105,-9.12478,5.09665,-2.86191,-3.45136,2
-6.3835,7.20316,-4.93339,1.37839,4.01044,-0.15217,-1.5269,-9.6851,0.72689,2.09131,0
-6.61135,6.03639,-2.85126,2.31218,4.98831,1.22383,0.1253,-10.86834,1.03539,4.81041,0
-2.89973,2.92657,-4.03378,-9.43885,2.95308,-8.96188,-7.372,3.92397,-3.06385,-1.86239,2
-4.04129,7.05853,-4.55764,2.35329,3.00011,0.06548,1.04758,-8.14088,2.71589,2.37208,0
7.81937,1.09741,-7.94905,2.20947,3.53238,-4.2251,-1.17413,-3.53119,-6.20494,-6.9996,1
8.9073,4.18036,-6.95979,3.26116,2.91114,-3.96264,-3.40495,-1.59762,-5.47924,-4.86829,1
-6.33086,5.2341,-4.16658,1.46439,5.3564,1.1553,-1.54006,-9.57988,0.07872,3.08986,0
9.00968,2.6412,-5.95391,3.68676,2.98297,-4.40817,-3.33242,-2.69324,-4.29502,-5.21112,1
-4.93944,6.21847,-2.79128,-9.37336,3.26664,-8.97592,-8.80219,4.32703,-2.26824,-1.16568,2
-6.13954,4.66999,-4.665,4.35838,3.4154,1.21234,-0.9619,-10.26066,2.87752,3.19347,0
-4.42479,5.06492,-2.25814,-9.77652,2.01351,-8.04207,-7.62709,2.7748,-2.27169,-4.50479,2
-7.33819,6.24657,-5.83907,4.62329,3.57417,1.55672,-0.01429,-8.58704,2.71817,2.89263,0
10.22272,3.51964,-6.81717,3.10313,3.59829,-1.91558,-3.8175,-3.39262,-6.52299,-6.4406,1
-5.37205,6.88156,-5.73466,2.18616,3.49086,2.46183,-1.53834,-9.69257,2.97723,3.61832,0
-3.18816,5.72946,-1.8254,-9.44072,0.68537,-8.43678,-7.73118,2.9866,-2.65018,-4.25,2
8.55528,2.40771,-6.61077,4.04112,4.92912,-3.56478,-4.26795,-3.11173,-5.86417,-6.20398,1
6.72616,4.82893,-6.95875,4.0082,4.72578,-5.2652,-4.65233,-3.49889,-5.97016,-6.16378,1
7.98579,2.53339,-7.64809,1.86118,2.90839,-3.3308,-3.23209,-2.75146,-5.49045,-5.91673,1
-4.69563,5.98467,-4.91401,-10.17737,5.3343,-6.72836,-8.78597,3.13004,-4.713,-3.90715,2
-3.26357,6.01804,-6.36275,3.34525,3.65616,-0.03528,-0.26896,-7.88166,2.32663,3.21917,0
8.83011,2.89441,-6.67528,1.86823,3.60619,-2.30021,-4.54536,-3.59791,-4.63865,-6.24223,1
-2.55291,6.391,-1.76373,-10.08543,3.31621,-9.77028,-8.08329,2.4749,-0.98661,-3.03733,2
8.5309,2.93828,-7.00238,3.71524,3.90505,-3.41466,-3.23867,-4.68064,-6.15611,-7.58237,1
-4.95975,6.03506,-5.62225,1.3714,6.43702,0.56092,-1.09735,-9.10359,2.92007,2.80797,0
9.23724,1.43219,-7.90734,2.64164,4.39127,-2.83147,-4.50964,-3.13915,-5.87672,-6.34176,1
-3.89398,5.18756,-3.90905,3.8557,4.15578,-0.80911,0.21969,-8.21819,1.93499,1.85172,0
-5.99539,4.63086,-5.92437,3.51664,3.34597,1.41965,0.69528,-9.28453,2.4553,2.20179,0
-3.42974,4.17281,-3.90247,-7.89844,2.84043,-7.70777,-9.9144,2.84208,-2.67546,-2.68399,2
-7.26528,6.85805,-5.35114,4.32921,3.22034,0.23871,-1.23127,-8.86712,3.34278,4.16522,0
-5.74732,7.57309,-3.8835,2.53071,3.55883,0.09395,-1.83575,-10.04633,1.27749,4.44659,0
-4.994,5.95513,-4.75868,3.56046,3.30089,1.93775,0.14863,-8.58909,3.16902,3.64322,0
8.45724,2.77835,-7.41769,4.00928,2.82445,-4.35812,-2.97109,-2.91424,-5.34374,-6.01303,1
7.76177,1.57632,-5.59489,3.69885,3.71094,-4.37343,-3.91161,-4.2496,-7.18341,-5.76456,1
-5.9439,6.93504,-4.43958,2.78039,3.80275,1.52871,-0.6199,-8.89504,2.91618,2.87405,0
-1.74893,6.23149,-4.6977,-9.75018,3.93223,-6.54936,-7.38765,2.91145,-3.09775,-3.73157,2
8.84073,1.39216,-6.7531,4.21234,2.02661,-2.91642,-3.92534,-4.6299,-4.74339,-7.3019,1
-4.25344,4.08161,-4.45006,3.0213,5.07252,1.03788,-0.73067,-8.11481,1.39948,2.46776,0
-3.97284,6.1798,-5.9712,2.68815,5.70577,2.16813,0.26346,-9.37817,0.95094,1.66693,0
10.12292,1.52565,-7.15189,1.75181,4.07077,-4.46553,-2.49056,-3.11468,-4.28813,-6.13693,1
-3.5216,4.80341,-4.93367,-8.53148,3.53946,-8.9763,-8.65158,3.49132,-2.56494,-3.93366,2
8.89736,1.96006,-6.16,3.75564,4.22128,-1.25678,-4.46027,-3.27161,-8.16775,-6.48112,1
-3.32358,5.53766,-2.99574,-10.4863,2.07695,-8.8906,-8.04212,3.56681,-2.89046,-2.82804,2
7.93862,1.59861,-6.17279,2.72845,2.4467,-3.95405,-2.96109,-2.24992,-6.4608,-6.18811,1
-2.37848,6.37698,-4.51752,-11.38728,1.53622,-8.69772,-9.14387,4.09656,-5.20049,-2.95027,2
-4.91015,4.82641,-3.39907,-11.25779,4.39,-7.5697,-7.3501,2.39835,-3.52281,-2.54994,2
-5.7426,5.78184,-4.46898,2.01197,5.19321,2.50263,-0.67054,-9.25119,0.66196,2.83913,0
-2.25521,6.1251,-1.74657,-9.32223,2.93081,-8.5639,-8.49873,3.70563,-2.80313,-2.64133,2
9.84376,2.90946,-5.01885,3.07336,2.99703,-2.74462,-3.99285,-3.26565,-5.93575,-7.94888,1
-4.62856,6.44384,-4.66802,1.87462,3.0736,1.92702,0.42411,-10.0264,0.75043,1.45725,0
-5.89084,6.4862,-3.64622,3.61722,4.37688,-0.16306,-1.91169,-9.47182,1.51765,1.9273,0
-2.86337,4.27387,-5.13355,-10.69722,0.96533,-8.62651,-8.83483,3.44295,-1.72144,-3.69572,2
7.69979,3.27729,-6.85387,3.65951,3.31393,-3.74092,-5.163,-2.96463,-4.95688,-5.66536,1
-3.74858,4.85842,-2.34905,-7.74234,2.35198,-6.73217,-7.10956,2.45498,-2.94336,-2.10654,2
-3.89864,4.98663,0.22509,-10.8855,3.00412,-8.4125,-8.62806,3.04544,-2.27609,-2.49722,2
7.16468,1.93289,-5.58916,3.35509,3.53807,-2.8255,-3.41539,-4.58206,-6.1477,-6.51701,1
-3.94818,5.43515,-2.93501,-9.03946,4.09286,-7.765,-8.09388,4.4547,-3.77406,-1.71213,2
8.9482,3.37072,-6.97959,1.98506,5.03889,-1.92282,-3.14014,-3.44802,-7.81092,-5.36257,1
8.70051,3.01319,-7.77565,2.99383,3.43414,-2.73541,-5.55491,-2.18759,-4.4301,-5.83435,1
-3.41705,6.76042,-3.31645,-8.78703,2.94213,-9.88968,-7.29927,4.59549,-3.70574,-2.57716,2
-3.88882,4.82076,-5.34208,1.7186,3.65493,0.06684,-0.15439,-11.81222,0.70416,4.66589,0
-3.23952,6.02918,-3.8883,-7.83334,2.745,-7.7256,-9.43154,1.47395,-4.11581,-1.77357,2
-6.58687,6.11507,-4.04768,2.25571,2.2138,-0.04876,-1.12848,-9.03809,1.59442,2.58422,0
-3.59496,5.17448,-3.54138,-10.11686,2.29433,-6.33331,-7.54899,2.12757,-3.2107,-2.84896,2
-4.16585,6.5604,-4.94155,2.21738,3.80762,-1.00565,0.8905,-8.46541,1.73174,2.54966,0
8.89739,3.41173,-6.85718,4.7054,1.93549,-2.33702,-3.4277,-4.44339,-6.77959,-5.98158,1
-2.74011,7.43597,-4.83909,-10.86381,2.66444,-8.85512,-8.1366,4.06158,-2.96862,-3.17525,2
-3.13507,6.7684,-3.70318,-8.64426,2.51766,-8.84073,-7.65286,2.18736,-2.05166,-3.65908,2
-3.81835,5.43984,-3.384,-9.31901,3.69779,-6.81124,-8.40644,1.55145,-1.05509,-4.33159,2
8.11692,3.79391,-6.80612,3.71665,5.59577,-4.55083,-3.97471,-3.78775,-5.08538,-6.07012,1
9.45599,4.85039,-6.73163,1.49046,2.21465,-5.3517,-3.13545,-5.3263,-3.51278,-5.44971,1
7.80945,2.00924,-8.89255,3.6576,2.35936,-3.5848,-2.34992,-4.62371,-5.91214,-6.44118,1
7.95358,3.94089,-6.63291,4.17125,1.45683,-2.64455,-0.93703,-2.94671,-4.32269,-4.45808,1
8.64716,3.09059,-7.01027,5.00388,3.90655,-5.87909,-2.35581,-4.48493,-5.40018,-4.9829,1
8.9653,1.07897,-7.32579,3.47401,2.6654,-3.30378,-2.58581,-4.71219,-4.1409,-6.24514,1
9.89439,2.92801,-7.74937,3.99592,3.64014,-4.28253,-3.52209,-5.40317,-5.65466,-5.33967,1
-2.14565,5.57005,-3.64867,-9.46621,2.52127,-10.47482,-8.55171,3.10155,-3.2426,-2.92185,2
-6.63925,5.81314,-5.22569,1.98841,3.90986,0.85593,-1.3297,-7.69778,3.6083,3.47498,0
8.98456,4.10214,-7.81847,3.25059,2.32155,-3.88619,-2.75279,-4.02263,-5.41469,-5.69625,1
7.10676,3.41408,-6.81157,1.69428,3.6287,-3.48497,-5.3424,-3.23058,-5.20099,-5.21419,1
-2.91013,5.62531,-5.28624,-9.79645,2.15768,-8.18667,-8.13498,3.84938,-1.66594,-4.38644,2
-3.2351,6.73819,-3.96489,-10.59135,3.73625,-8.03227,-7.64271,3.93952,-3.13246,-4.23172,2
8.09794,2.01609,-4.70031,3.30817,1.53354,-4.60111,-4.78824,-4.63983,-6.48947,-5.7929,1
-2.97075,5.53464,-5.68723,-7.7653,2.39024,-6.5516,-8.36706,5.23669,-1.4784,-0.95894,2
-3.03022,4.86721,-3.88576,-9.50405,4.70312,-8.5812,-7.95843,2.024,-3.64067,-3.17779,2
9.61613,3.19916,-5.24164,3.59444,4.21242,-4.2541,-3.11763,-5.30618,-3.33715,-5.8748,1
10.74439,3.42735,-7.6272,1.96958,4.23294,-2.61086,-2.61803,-4.78718,-4.95225,-7.33866,1
-6.1471,7.82959,-5.30429,3.40153,3.91142,-0.0328,-2.58685,-9.74919,2.31802,2.08682,0
-3.14808,4.22817,-5.15214,-8.67438,2.09795,-7.72092,-8.4258,2.50284,-4.91906,-2.64263,2
-5.34015,6.00082,-4.51291,2.67408,4.96622,1.33663,-0.67921,-9.19745,0.61403,1.47268,0
8.21463,1.89882,-7.33841,3.05639,3.2168,-3.4248,-1.52594,-2.35161,-6.272,-6.1633,1
-2.28056,7.15847,-4.27572,-9.44855,4.78277,-9.5854,-7.26433,1.75941,-1.87421,-3.01364,2
-2.77536,5.98754,-5.92493,2.8942,5.60412,0.40866,-0.34616,-9.18499,2.54195,1.4654,0
-6.47245,7.59727,-5.59396,1.61737,4.04361,0.75057,-0.50782,-8.00925,3.95283,2.8417,0
9.4933,3.61501,-7.35812,3.29111,4.0714,-2.95127,-4.2452,-3.12663,-4.92027,-4.89036,1
-3.72884,6.316,-2.81957,-9.42198,2.79508,-8.01284,-6.74059,3.79872,-5.05315,-3.72908,2
-4.85053,6.28316,-4.10004,2.54806,3.15571,0.10797,-2.94223,-9.48661,2.14376,2.6709,0
-3.44001,4.44597,-2.61075,-9.17458,1.65096,-7.28818,-7.40505,2.25858,-1.37048,-3.63134,2
7.70703,2.41275,-5.95048,3.20983,2.73683,-4.47895,-2.8018,-2.99147,-4.04452,-6.1729,1
7.80716,2.60909,-7.57316,3.14841,2.90978,-5.1412,-2.47158,-4.07439,-6.15294,-7.43881,1
-5.12561,6.73082,-5.3605,1.40382,2.94282,1.67728,0.54195,-8.59563,1.85473,3.1827,0
-5.25989,4.80361,-6.06833,2.75908,4.18734,0.7418,-0.02044,-9.72129,1.50095,3.32366,0
-3.18234,5.75312,-2.45912,-9.15906,3.81651,-7.94667,-8.19611,2.84867,-1.71403,-3.62979,2
-2.73896,7.2594,-1.39386,-9.55036,2.70583,-6.12089,-6.4763,3.87594,-1.23058,-3.65258,2
-7.07205,7.03358,-4.64712,1.4775,2.82555,2.39029,-0.97987,-7.61196,2.4767,3.03244,0
7.07493,3.53362,-7.14054,2.13546,3.06444,-4.86492,-2.54357,-3.26783,-7.17592,-5.77047,1
-5.30699,5.6383,-4.15161,2.83668,3.553,0.60713,-0.34949,-10.7349,1.53396,3.13399,0
-6.50949,5.31393,-5.46113,1.54911,5.76916,0.22603,-0.13738,-9.78431,1.56512,3.62836,0
8.00646,2.71027,-6.47719,1.98062,4.92263,-3.62091,-3.93026,-4.92195,-7.32283,-6.57016,1
9.94315,4.15724,-6.10698,4.98539,3.60319,-4.44977,-1.9051,-2.9794,-6.32868,-6.19976,1
-5.57066,7.05514,-3.72442,1.74557,5.31115,-0.59823,0.58521,-9.36418,-0.24109,4.7837,0
8.36853,3.96559,-6.84179,4.41173,4.01823,-3.88544,-4.33333,-5.09664,-6.27445,-5.63839,1
-5.3204,6.5519,-5.25517,3.25029,3.4256,0.74945,-0.58834,-8.81936,0.13086,4.37371,0
8.38664,1.1057,-7.05317,3.39484,3.95644,-4.51108,-3.72955,-3.60779,-4.76198,-6.13786,1
-3.56574,6.6571,-3.84065,-10.59604,1.61262,-8.93113,-7.12371,3.70095,-3.55647,-3.65152,2
-4.68358,4.88007,-3.32067,-10.16433,1.18406,-7.46013,-6.61687,4.14359,-2.59092,-3.26107,2
-2.38879,6.59679,-0.61058,-10.29691,3.36076,-7.50571,-6.19726,1.55133,-1.98473,-5.26063,2
-3.30992,6.4171,-3.23885,-9.5512,3.02777,-9.3133,-8.70381,2.12797,-2.29345,-2.62649,2
7.70367,3.40369,-7.14145,0.87271,3.91877,-2.63899,-2.65108,-4.29492,-6.84441,-6.42153,1
-4.57516,6.48556,-5.91082,3.74795,3.73824,0.41761,-0.64499,-10.33179,4.66028,2.24826,0
-2.11288,4.52057,-2.42144,-9.34655,0.76059,-7.4714,-9.96294,2.75135,-2.98479,-2.64086,2
-4.00215,5.38716,-5.75342,-10.25137,2.90587,-7.42586,-7.0793,2.70825,-2.83198,-2.64189,2
8.51422,4.51629,-8.94625,3.74979,3.07185,-2.14901,-2.81234,-2.85685,-5.89944,-6.54345,1
9.01726,4.07465,-7.04009,2.73438,2.41777,-3.86181,-3.17476,-4.97352,-4.72847,-5.8958,1
6.95045,2.42395,-6.79819,2.99031,2.59452,-3.25964,-2.761,-3.87916,-2.25849,-6.14127,1
-4.43223,4.8884,-5.91674,2.38078,3.22897,1.22519,-1.19653,-6.99486,1.7933,4.13723,0
-2.75548,5.993,-1.86982,-8.22357,3.02612,-8.33198,-10.04582,3.22571,-3.42854,-3.47779,2
-4.06873,5.88245,-6.0699,3.10663,4.1238,1.72999,-2.05642,-9.21163,1.45307,2.21345,0
9.216,1.91612,-8.3337,3.91772,2.1235,-4.35079,-4.12567,-3.74509,-4.702,-6.66678,1
-3.77522,4.28637,-3.0795,-9.16959,1.51198,-7.4309,-7.52085,2.62457,-1.69407,-4.73098,2
-3.7607,6.13231,-4.10537,2.16537,4.66986,2.19007,-1.80977,-10.5973,3.30447,3.62892,0
7.39957,3.09883,-5.83267,3.59702,2.07856,-2.99175,-4.26003,-3.91021,-4.45502,-6.62357,1
-3.74653,6.51591,-3.23038,-9.01251,3.23403,-9.68406,-10.28264,3.52756,-4.28015,-1.8871,2
5.51235,3.07275,-6.62359,3.03487,2.55224,-4.49228,-1.78487,-4.20727,-3.69403,-6.39959,1
10.50605,1.82208,-6.08726,2.87462,4.30063,-4.16277,-2.78123,-2.6405,-5.35532,-5.67706,1
8.95963,2.53523,-7.17591,5.24116,3.22894,-6.52809,-4.72446,-4.15069,-4.29647,-5.83496,1
9.07608,2.71276,-6.43401,3.41183,4.57275,-4.03703,-2.53834,-3.31808,-8.04736,-8.56615,1
-4.15982,7.42861,-3.79764,-10.4038,1.04398,-8.13448,-7.93319,4.3917,-3.66606,-3.61293,2
-6.32883,7.68331,-3.16858,1.30825,3.03322,1.2044,-0.97502,-10.22879,1.18373,2.86569,0
-4.33221,5.81421,-4.3112,-9.18084,3.31999,-7.20319,-5.93158,1.85364,-1.94666,-2.1762,2
-4.00571,6.80001,-5.97724,2.85489,4.70249,1.36314,-0.06861,-10.07694,0.80498,2.80854,0
-4.52189,5.97839,-4.29602,4.29903,4.36134,1.04282,0.48897,-8.67054,0.60656,2.0089,0
-7.02117,5.87113,-4.62428,3.52183,4.01394,-0.38533,-0.28478,-9.4037,2.02968,2.97829,0
-2.59681,6.56902,-4.16804,-8.82882,1.74113,-9.32523,-6.20424,3.06718,-5.36197,-4.07183,2
-3.75204,5.80243,-5.63296,3.12843,4.14578,-0.98181,-1.6259,-9.54425,2.14899,3.3386,0
9.78289,2.18818,-7.39491,3.52785,3.23885,-3.02651,-1.95188,-5.06872,-5.29416,-5.73817,1
9.99907,1.74512,-6.31256,2.92954,2.04714,-3.84662,-4.11428,-3.5492,-5.70223,-6.40432,1
-2.38616,4.26076,-3.39726,-9.30877,1.87684,-8.87698,-8.95116,3.10874,-3.30069,-3.12689,2
-4.77168,6.47142,-4.8609,2.66787,3.59971,0.448,2.27948,-8.24567,2.81281,3.96406,0
-5.29332,5.35088,-5.81945,-0.50186,3.56812,-0.31882,-1.82025,-8.64757,0.37924,3.57499,0
8.21058,1.53266,-7.45163,3.97719,3.71615,-4.16483,-4.26617,-2.31276,-5.07106,-7.79799,1
-5.00474,6.38508,-3.62055,1.94925,5.23369,-0.28547,-0.33497,-8.26607,2.3988,4.31832,0
-5.92793,5.26336,-5.58829,4.10525,4.02531,1.64571,0.06013,-10.04698,1.61542,3.88413,0
8.93885,4.65179,-6.56777,3.81222,4.30218,-3.69193,-2.62415,-2.6529,-5.51264,-3.90871,1
-2.26653,5.17707,-2.34021,-10.39326,-0.08918,-7.96362,-7.72633,2.4384,-3.10621,-2.54653,2
-4.51033,6.14337,-3.27435,-7.86057,2.66294,-7.84867,-7.80018,4.1845,-4.79994,-2.48874,2
9.27455,3.1233,-6.54139,4.96307,4.42912,-4.53392,-3.14428,-4.17748,-5.97827,-7.45996,1
-5.21822,5.86667,-4.16082,2.45399,4.72404,0.40824,-1.50736,-9.16288,3.16647,2.91177,0
-5.33106,6.82302,-5.2341,1.74637,4.21464,2.21894,1.5714,-8.82128,0.53283,3.56087,0
-4.09828,5.08039,-4.96188,-9.19255,1.3718,-8.82521,-7.33101,1.59204,-1.32583,-2.03892,2
-5.97471,7.1469,-4.48776,1.59534,5.26494,0.63032,0.6609,-9.92187,2.13115,1.83523,0
-6.1879,6.74004,-4.70935,2.42963,3.61284,-0.243,-0.87946,-9.27935,1.76729,3.60875,0
-4.00958,6.05176,-3.04334,-9.17122,2.57412,-9.53262,-7.02399,2.18553,-3.79672,-1.82375,2
-6.21844,5.3252,-5.68505,1.02935,2.89527,2.6871,0.32404,-10.54345,0.28833,0.56108,0
-1.9471,6.41689,-1.97038,-8.07922,1.8474,-7.55895,-6.92569,3.29009,-2.96041,-1.90892,2
-4.43149,5.3089,-6.27595,1.94832,3.09071,1.85693,-0.18202,-9.06313,1.94122,3.39516,0
-4.40605,7.64103,-2.79127,-9.62315,2.66542,-8.81787,-8.03633,4.0504,-2.33403,-2.76572,2
-5.83467,5.89059,-3.83836,1.37766,3.72677,1.38737,0.31981,-10.23054,2.41635,3.78404,0
-5.78243,6.61902,-4.43901,3.43218,4.73608,1.92949,0.6951,-8.68834,0.96336,1.69173,0
-3.35446,6.4062,-2.13741,-7.62334,3.08895,-7.97683,-9.41076,2.89537,-1.74996,-3.71818,2
-6.34234,7.5736,-5.22622,2.95079,4.9108,0.57019,-0.38972,-8.11093,1.14547,1.55915,0
-5.01698,4.75191,-5.91423,2.4842,5.56375,0.1859,-0.09272,-8.04392,1.15048,2.47165,0
-4.51465,6.17104,-6.25442,3.24168,3.76386,0.66641,1.08426,-9.4172,2.07055,3.21874,0
-3.35176,6.9547,-3.91204,2.40642,4.54825,0.64987,0.4802,-9.69579,2.42993,2.36538,0
8.33683,1.48227,-5.46543,4.2255,4.47656,-3.51336,-3.4449,-4.39464,-4.83329,-5.51306,1
-2.89466,5.55512,-3.89027,-8.56745,2.12809,-8.44069,-6.52003,3.77704,-3.306,-2.30104,2
8.0493,0.51829,-6.37864,5.68582,2.4748,-3.31884,-2.00984,-3.09147,-6.56682,-5.50734,1
-4.21246,5.78688,-2.68958,-10.30945,1.93004,-6.88886,-7.25906,4.57526,-2.97565,-4.09504,2
7.21287,2.35028,-7.2972,2.42646,3.2235,-5.06786,-2.16393,-3.28198,-6.65936,-5.74883,1
9.1815,3.34331,-6.12885,3.58071,2.36078,-4.81567,-4.70173,-4.43327,-5.62281,-6.48461,1
9.70657,2.01755,-7.55843,3.80519,3.37223,-3.62512,-3.12898,-4.50094,-6.19388,-5.85621,1
-1.36918,6.32714,-2.7474,-10.12066,1.86055,-7.55441,-9.85223,0.93239,-1.44935,-2.54491,2
-4.30176,5.62773,-2.12475,-11.69313,3.73539,-8.159,-8.81091,3.7845,-3.93387,-1.47755,2
8.03447,5.09155,-8.42877,1.96545,3.92419,-3.36116,-4.48371,-3.73868,-4.14544,-7.19169,1
-6.20181,8.02621,-4.92655,2.21161,4.02804,0.43682,-0.93867,-9.45215,3.69818,2.40587,0
-4.98249,7.4356,-2.73786,-9.00147,2.46956,-5.93847,-7.43592,2.89226,-4.85091,-5.31741,2
10.83074,2.1642,-9.22947,2.35247,4.25421,-4.55491,-4.08097,-3.24376,-5.67688,-7.5764,1
8.30999,1.40474,-8.22473,5.07844,3.80626,-3.40534,-4.44062,-4.38599,-5.89467,-4.09415,1
10.43577,0.24801,-5.52838,2.97892,2.67591,-5.21251,-3.7106,-4.98372,-5.42429,-3.64148,1
-4.22333,7.37999,-3.75113,-10.88977,1.88078,-7.33912,-8.78459,3.35187,-3.02324,-3.80372,2
-2.87751,6.37454,-4.97993,-9.78823,4.17849,-8.59473,-8.14943,3.78481,-3.36828,-3.54666,2
8.61776,2.75931,-7.65202,3.56822,4.09063,-3.85901,-2.10532,-3.79841,-5.31114,-6.30381,1
-5.10802,3.94966,-4.37688,3.33899,3.07833,0.395,-0.15571,-12.03266,0.30115,2.34447,0
-4.88217,5.17919,-3.37187,3.77435,3.43252,0.57993,-0.83828,-9.15211,1.20767,5.05294,0
-3.96465,5.51318,-3.50601,4.33635,3.70948,1.76977,-0.59428,-10.30351,-0.51427,1.50454,0
-2.36306,5.39613,-3.27597,-9.33946,2.8397,-6.40067,-7.61574,3.19451,-3.4543,-1.63954,2
9.12582,2.77688,-6.7705,3.77034,3.63986,-2.42239,-2.04979,-4.43865,-5.8606,-5.94841,1
-3.9088,5.58085,-2.97719,-10.59715,5.05234,-8.58329,-8.28825,3.07399,-2.82172,-2.32895,2
8.62052,3.19341,-7.45727,4.07442,3.56429,-4.24577,-5.49361,-3.7697,-5.35343,-6.67897,1
-2.07683,6.55177,-4.81484,-10.17608,2.46526,-7.56157,-9.71019,3.37497,-4.60945,-4.39542,2
-3.7389,6.85463,-6.22228,1.95341,3.8639,-0.10743,0.15325,-8.90811,1.80272,2.36349,0
7.82015,3.13614,-7.11837,2.76263,3.50852,-2.88634,-3.46917,-1.79095,-5.03851,-5.64473,1
8.35119,0.5114,-8.39081,4.54504,3.93692,-4.37172,-4.62166,-4.17667,-4.27109,-8.03726,1
8.60039,2.45416,-7.09682,1.84417,3.19808,-2.65524,-4.29969,-4.43325,-5.85605,-5.14882,1
-3.78551,6.43455,-1.23043,-8.91683,2.91551,-7.48515,-9.25235,2.19619,-2.92358,-4.44596,2
-0.50907,4.55984,-4.08495,-9.06972,3.90203,-9.63043,-7.65638,3.54918,-3.22978,-4.43045,2
-3.61764,4.03747,-3.37737,-9.15588,2.6528,-9.26338,-8.70052,0.49703,-1.86919,-3.18863,2
7.84446,4.60197,-6.68626,5.21054,3.64221,-3.13431,-3.49096,-4.93652,-6.11773,-3.50919,1
-2.42971,4.83286,-2.58048,-8.2123,5.31062,-10.72589,-6.88715,3.34211,-2.12658,-3.45837,2
-4.94132,5.88575,-4.24109,2.36092,4.80296,1.53207,-0.12352,-8.83206,1.42338,1.03852,0
-4.9217,3.75397,-5.36702,3.66248,4.26883,0.89471,-0.62918,-9.18133,1.27908,4.33597,0
-3.02795,5.79095,-3.07718,-9.57308,2.83661,-7.562,-9.05358,1.46728,-3.32373,-3.6502,2
9.21745,1.42444,-7.08501,3.53679,3.72912,-4.95993,-3.42031,-4.33835,-6.01121,-4.85455,1
9.18419,3.33136,-6.4659,4.63454,2.52648,-4.68044,-3.62692,-3.93779,-6.3162,-6.76042,1
9.80429,1.63771,-6.35993,3.12512,2.84715,-4.16681,-3.47919,-1.95523,-6.02689,-5.36565,1
-2.86396,6.03644,-2.66706,-9.86696,3.08516,-9.47042,-6.08507,3.23623,-4.09802,-2.95896,2
-2.26208,3.44497,-3.64371,-8.79999,2.71253,-8.33748,-6.75875,2.69577,-3.0924,-2.37205,2
-2.19483,5.02532,-2.45414,-10.47428,5.01808,-7.94854,-6.98407,1.9225,-5.17498,-2.65054,2
5.57303,2.92172,-8.88605,3.8271,3.82799,-4.35179,-3.13718,-3.97519,-6.69484,-7.50672,1
-4.71211,7.81158,-4.09607,3.29077,3.20826,0.85093,-0.41003,-8.92226,3.23254,4.37792,0
-6.90812,5.33538,-4.25433,1.35079,3.59366,0.58147,-0.69734,-8.66166,3.21034,3.09432,0
8.27875,1.53164,-8.00559,3.64305,3.25448,-2.71163,-2.98292,-3.64504,-7.1824,-6.00343,1
8.14136,2.62426,-6.9084,2.59328,2.12487,-2.926,-3.18449,-4.3614,-4.40606,-5.50113,1
-2.50052,8.06931,-3.34046,-9.35816,3.35747,-9.27385,-5.53078,1.71701,-1.44626,-4.75103,2
8.83756,2.59013,-7.25842,3.16846,2.27118,-2.52882,-2.39749,-4.31469,-4.6623,-5.4986,1
7.42094,3.77714,-7.87197,2.72241,4.6038,-4.41435,-4.39541,-3.9917,-5.60389,-7.16135,1
9.74687,1.65903,-6.02761,3.17454,5.37255,-4.24581,-2.57399,-5.93484,-6.46775,-6.05789,1
-4.40764,7.33842,-3.2818,-7.88498,1.34686,-8.40042,-7.99998,2.66261,-3.19529,-4.10873,2
-4.02848,4.28619,-3.5264,-9.91072,4.37773,-8.09316,-6.36502,2.40692,-3.37574,-4.74604,2
-5.1642,6.18572,-4.66935,3.28292,4.19153,-0.58177,0.16971,-10.80839,2.99851,3.62562,0
-3.71537,4.41405,-2.7833,-9.08866,3.19701,-9.31075,-6.14092,4.7596,-1.65411,-3.58076,2
-6.11112,6.40153,-5.72883,3.64347,4.29572,2.28475,-1.16683,-9.37293,1.42393,1.39974,0
8.25635,2.4003,-6.97958,4.82224,3.09114,-2.9142,-3.26942,-2.95005,-5.632,-4.10217,1
-1.88888,5.32448,-2.92332,-7.84926,2.57289,-7.26869,-7.54417,3.1447,-2.15073,-2.07389,2
-3.2871,5.49418,-5.82897,-9.8628,2.74302,-9.11566,-7.85945,2.06098,-3.31961,-3.27328,2
-3.83607,6.86696,-4.01124,-10.81852,2.87638,-6.51835,-6.4618,2.63583,-3.88078,-4.44245,2
-3.65296,4.97634,-5.54579,-9.97819,2.63374,-8.9901,-7.11001,2.56969,-2.03756,-3.62283,2
-5.15905,6.47884,-2.76766,2.52681,5.14869,1.26217,-0.23698,-7.89564,0.70463,1.14188,0
-5.97671,6.54714,-7.60342,4.05212,4.62834,1.15429,0.4214,-10.94249,2.58357,3.37962,0
9.38192,3.93208,-7.49953,3.84966,4.28078,-1.73344,-2.99864,-5.35977,-6.50865,-6.98272,1
-4.81133,6.91348,-4.94805,1.87465,2.85819,1.1942,-0.56366,-8.81035,2.37248,3.02724,0
-2.9724,4.72355,-3.10008,-8.17536,3.32694,-7.84826,-8.68048,3.13509,-3.10154,-3.95254,2
-5.20469,4.90672,-4.02862,-8.90012,3.04701,-8.52316,-6.71126,5.10295,-3.10242,-4.83728,2
-6.26592,7.28972,-5.13533,2.40018,2.03828,2.29811,-0.15313,-9.71718,1.37895,2.87888,0
8.14366,4.345,-5.91905,4.32485,3.41954,-2.24958,-2.53482,-3.37544,-6.67079,-5.83343,1
-3.53357,4.57058,-4.5995,-10.40645,2.74894,-9.58123,-9.53265,1.96403,-3.78399,-3.48559,2
7.73538,0.88893,-7.11329,4.04377,1.78386,-1.64357,-4.55548,-3.20734,-4.99913,-6.18574,1
-1.73553,6.68209,-3.56681,-9.95118,3.95053,-8.51733,-9.10043,2.28294,-1.35858,-0.30446,2
-2.65539,4.64418,-2.74579,-10.71387,2.35717,-8.94022,-7.78922,2.80067,-1.96422,-2.75802,2
5.11498,3.59001,-6.19121,4.87532,3.84784,-3.27899,-5.01328,-3.62621,-4.06799,-5.40607,1
-3.48987,6.60511,-3.44471,-12.26759,2.11167,-9.77222,-7.04487,1.65688,-0.77658,-4.02342,2
7.57045,2.89031,-6.55398,5.19084,2.24141,-4.49658,-4.02229,-3.86298,-7.98876,-4.63017,1
-3.07271,6.32401,-3.53047,-11.04398,3.72756,-6.78401,-8.93145,4.15704,-2.91646,-1.65475,2
-5.01218,6.69578,-2.00937,-10.06862,2.23918,-8.6048,-7.30446,2.84252,-2.77338,-2.6283,2
-2.44404,5.65378,-2.37964,-9.13755,0.56513,-8.52447,-8.98998,2.83302,-2.85919,-3.04886,2
-2.51329,6.86646,-0.5708,-10.88147,3.71685,-8.49166,-7.65228,3.23734,-5.59842,-4.17839,2
-3.15473,5.05168,-4.59994,-11.39261,2.63291,-8.14406,-9.43811,4.17161,-2.2259,-4.47695,2
-3.38606,5.67429,-2.3872,-8.91045,2.7677,-7.82587,-7.37324,3.7959,-2.36922,-2.83314,2
-2.66287,7.15861,-4.61036,-8.01503,3.25955,-9.17324,-8.55003,3.44057,-1.86753,-3.54951,2
-3.70087,5.88172,-3.04814,-10.16316,3.07569,-9.9304,-10.11533,2.88477,-3.5979,-1.37412,2
-6.68657,6.44042,-7.36374,1.87322,3.89307,2.35657,-0.33335,-7.25054,2.32344,2.6775,0
-4.82907,5.7512,-5.07766,3.76054,2.92469,-0.726,-1.12839,-9.12044,2.26374,3.11386,0
-5.15305,6.1316,-3.2248,2.26925,4.72464,-0.28232,-0.30352,-8.82574,1.10311,0.58008,0
8.19507,3.01814,-6.41229,4.53951,3.75903,-3.49164,-2.00489,-2.42633,-6.55008,-6.00289,1
-6.17166,5.98238,-4.31759,1.86925,4.54459,1.35456,0.17554,-9.35316,1.84348,2.73524,0
-2.45079,5.22323,-5.15563,1.96455,3.73537,1.08959,-1.86656,-9.53761,1.88565,2.9152,0
-5.0886,5.21477,-4.20353,1.30538,5.3968,-0.1846,-0.90116,-10.95768,2.88401,2.8399,0
-4.23855,5.86616,-3.53565,-10.74008,3.65531,-7.99367,-7.56257,2.79673,-3.33011,-1.16784,2
10.50811,2.73888,-5.20403,2.74835,3.76837,-2.69082,-3.03034,-3.76717,-5.48725,-7.01066,1
-5.40067,5.33553,-2.61233,1.47182,3.96032,-0.0056,-2.65218,-8.02242,1.73495,2.87536,0
-7.01654,6.52364,-4.89106,1.84473,5.28769,-1.14572,0.07511,-7.78871,2.41796,3.61421,0
7.58281,4.9208,-7.49579,3.5307,2.79745,-3.91053,-5.49854,-3.94207,-6.81875,-4.88217,1
-3.05997,6.5381,-1.70846,-9.75237,3.13496,-7.26221,-7.6562,1.67052,-0.02562,-4.37345,2
-1.45251,4.68226,-2.87301,-9.90479,2.94257,-7.70092,-9.19667,4.05723,-2.39319,-1.76864,2
7.31294,3.76971,-4.68588,1.51483,4.19532,-3.77222,-2.08146,-2.10532,-5.44701,-5.856,1
9.91409,0.79234,-7.38207,2.36719,1.54801,-3.71124,-4.22749,-2.83129,-5.13409,-6.19237,1
9.21475,4.84036,-9.98038,2.38011,2.43897,-5.70458,-3.89954,-4.68163,-4.2171,-8.50708,1
-3.95812,6.98075,-1.94892,-9.48376,2.07996,-8.6682,-7.85717,3.3137,-3.05054,-3.34291,2
10.87193,2.82575,-5.94144,3.56633,3.3258,-5.30364,-2.28619,-3.54285,-4.56458,-5.88218,1
-3.23922,5.52313,-2.551,-9.06338,1.52694,-9.46108,-7.53217,2.85576,-4.38503,-2.98916,2
-5.581,5.28384,-4.04291,1.91196,2.49613,1.21805,-0.13822,-7.5108,1.83371,2.87595,0
-6.5446,4.73005,-5.28248,3.97118,2.49926,1.17209,-0.26266,-9.24112,0.74902,3.55804,0
-2.86711,5.25562,-3.21293,-8.15358,2.44582,-7.63718,-7.3672,3.72228,-3.60902,-2.74968,2
-6.65538,6.99459,-4.32554,2.64436,3.06343,2.02097,-0.88529,-9.98862,2.16648,2.68873,0
-4.59178,5.20221,-7.10683,2.83914,5.16302,0.20688,-0.50208,-7.20428,0.80059,2.27515,0
8.47786,2.42181,-7.49343,4.29933,4.15272,-5.00455,-4.38274,-5.08768,-5.83056,-6.06556,1
-6.14199,6.12808,-4.82846,3.2192,5.68988,2.75635,-0.96641,-9.01906,1.45541,2.09913,0
-8.02956,5.5875,-5.94874,2.24728,3.18928,2.61306,0.84388,-8.39131,2.02834,3.29022,0
-2.83816,5.53182,-2.88513,-9.78355,2.23785,-7.60719,-6.13267,3.63883,-2.76603,-4.70087,2
-6.47027,6.08663,-6.06505,3.57758,4.41295,1.04313,-0.67469,-8.6536,1.49716,1.95024,0
8.43694,0.65134,-7.74978,3.66203,2.20179,-2.19256,-4.22617,-3.99653,-5.99813,-7.04482,1
8.39085,2.51087,-7.61991,4.91838,2.77706,-4.45727,-2.90738,-4.99238,-5.62412,-6.13227,1
-5.23291,7.48992,-5.02151,3.43787,5.83153,2.38995,-0.05304,-8.67498,1.87532,2.20235,0
-1.34168,7.27051,-1.85389,-10.09491,1.5272,-7.57747,-6.75536,3.97257,-4.00357,-1.63544,2
-5.61976,5.27906,-4.18074,1.24423,3.88061,1.1024,-0.34503,-10.11359,2.3515,1.77119,0
8.37267,3.04006,-6.09435,2.72944,3.38597,-4.15661,-3.51106,-3.6504,-3.56097,-5.44883,1
-2.93817,6.7682,-3.2567,-8.40382,4.8078,-9.51762,-7.74593,2.65099,-3.11971,-2.81795,2
10.22061,2.34805,-5.92852,2.43454,4.96653,-3.33357,-3.02815,-3.4082,-6.39685,-4.80725,1
-1.90844,7.69118,-3.43924,-9.66211,2.1784,-9.48036,-8.90491,4.02874,-3.57547,-3.19908,2
-4.14604,5.19495,-4.05296,-8.83964,0.86697,-8.88235,-8.79439,4.36038,-2.87216,-1.99577,2
-2.94264,3.28229,-1.95188,-9.91473,3.73091,-7.79067,-7.21576,3.54774,-3.62948,-3.81566,2
-1.71218,6.49301,-2.84043,-9.62172,3.01992,-7.92652,-7.10457,3.10562,-3.83717,-2.40888,2
-2.44311,5.87488,-3.3574,-9.26773,2.47822,-7.67521,-10.06348,2.22658,-3.87413,-2.82555,2
-4.43525,6.25201,-2.48687,-9.57816,1.58017,-8.70696,-7.2124,3.7784,-3.40053,-1.0383,2
7.99567,1.65094,-6.3388,2.31764,3.39637,-3.8132,-4.84936,-4.62027,-5.29731,-5.76785,1
-3.89572,6.05077,-3.97341,-9.94489,2.2268,-8.17363,-7.01825,2.65526,-1.88236,-3.71894,2
-3.42731,5.09305,-2.74122,-9.59818,2.70204,-7.43727,-8.42567,3.87301,-2.62729,-4.70363,2
-3.92019,5.36877,-4.29322,-9.98762,3.62398,-8.4879,-9.17914,3.64662,-2.62994,-4.21765,2
-1.8112,4.70998,-3.61273,-8.3495,2.87353,-9.38208,-9.988,2.70182,-2.17585,-2.17303,2
-4.58746,6.03916,-2.98486,-11.27922,4.11284,-8.72919,-7.00606,4.13941,-2.84955,-2.76499,2
-2.67606,5.29683,-5.14466,2.61875,2.72032,0.43562,0.22298,-10.47436,2.12834,2.72699,0
9.18747,3.48954,-4.89727,2.36786,3.90632,-4.86481,-5.25013,-4.03794,-4.05839,-5.79327,1
-5.053,5.45417,-4.70746,-9.57118,3.04535,-7.36014,-9.33964,2.51324,-3.95929,-4.26002,2
-3.70282,7.48961,-4.1821,2.79165,2.28077,0.42899,0.80371,-8.40136,2.38192,1.44959,0
-4.41172,5.01322,-4.6977,2.86364,4.06489,2.4023,-0.32833,-8.37683,3.18561,4.67719,0
-2.24494,4.52881,-3.61365,-10.55567,2.97962,-7.9533,-8.80568,2.78514,-3.48989,-2.451,2
9.21123,3.30814,-8.73862,3.53251,2.69663,-3.43485,-5.07512,-3.18801,-4.22659,-6.50417,1
-5.80182,5.06537,-5.21295,2.82427,3.41605,-0.44597,-0.83199,-10.90454,2.70998,2.26411,0
-5.78823,2.82806,-5.72056,1.79164,2.69567,1.25034,0.46827,-10.16727,2.47447,2.95571,0
7.47314,1.34826,-7.20092,3.54728,3.89726,-4.27062,-1.06283,-3.01404,-5.13318,-6.27046,1
9.9604,2.6617,-7.51083,4.9864,4.07464,-5.00391,-3.70838,-2.10252,-7.16754,-4.87461,1
-4.37023,7.06442,-3.71166,-10.17713,2.43578,-8.10948,-10.20071,1.86511,-1.80958,-3.91861,2
-3.11907,6.78939,-1.63878,-9.712,3.98818,-9.38751,-8.3839,4.01895,-3.53589,-4.12471,2
-3.48327,6.85921,-5.13784,3.23072,2.98726,-0.18215,0.07087,-9.46859,0.66062,2.04684,0
-4.07819,5.25357,-4.70773,-8.99816,3.3398,-7.81059,-6.14942,3.1301,-3.54439,-1.94371,2
9.80226,3.40816,-5.41451,3.02622,2.53422,-2.56039,-1.21164,-4.04861,-4.04822,-5.90761,1
9.17859,4.32031,-6.3295,3.18971,3.06362,-3.25753,-3.15605,-5.11187,-6.23737,-5.24184,1
6.25097,1.04498,-8.63994,2.87883,4.4245,-3.29788,-4.4766,-5.09023,-6.7465,-5.59085,1
-3.06229,7.38768,-2.93077,-9.79236,2.60828,-7.06612,-7.01855,1.9399,-4.25659,-1.52305,2
-2.62045,5.342,-2.73327,-10.84785,1.53417,-6.5822,-6.20831,3.81388,-2.45657,-2.92227,2
-2.17868,6.81138,-4.553,-12.16216,3.32857,-8.45691,-8.03948,3.50277,-4.2182,-3.00318,2
7.74602,2.95128,-8.10706,5.35507,4.51102,-3.93618,-3.48192,-2.98956,-5.06238,-6.20478,1
9.19454,1.68693,-6.74226,4.04299,3.74959,-4.89404,-2.61547,-3.41405,-5.60669,-6.54132,1
-4.07385,7.08286,-3.78401,3.31605,2.13377,-0.29074,-0.45205,-10.24242,2.12361,1.56158,0
-5.37992,5.57373,-6.59458,3.06062,4.59255,1.69167,-0.42121,-7.90835,0.95632,1.68109,0
9.05384,2.86453,-5.63844,1.91596,4.0171,-3.98539,-5.03506,-2.53553,-5.52122,-5.62405,1
-2.79602,3.11844,-2.12896,-6.76325,1.83605,-7.63161,-6.60441,3.26527,-3.36979,-1.93705,2
-4.0535,7.76117,-5.30171,2.60317,4.68139,0.12272,-0.32,-9.65857,1.76307,3.11708,0
7.80115,1.53081,-8.19122,2.29058,3.18563,-4.45477,-4.23097,-5.95814,-4.8796,-8.86527,1
-4.95495,6.95104,-4.63497,2.12145,2.79604,1.9457,1.46545,-10.20164,1.1134,3.8802,0
7.52695,2.80857,-8.46245,3.79728,1.32853,-2.68267,-5.19728,-2.46739,-5.6303,-7.21154,1
-5.32842,5.77847,-5.69148,3.71279,3.60186,-1.84251,0.408,-8.63456,3.10226,2.79715,0
8.85904,1.60943,-8.04457,6.03587,3.29702,-2.43629,-3.54665,-5.32934,-4.9785,-5.27566,1
-5.76426,5.34261,-4.60867,0.25234,2.56205,-0.8245,-0.57731,-8.78803,2.06245,2.89633,0
-4.32206,5.16199,-4.17651,-8.46087,2.55737,-9.56429,-7.43344,-0.19719,-2.3855,-1.68878,2
-6.72548,7.1599,-4.78059,3.21484,5.53156,-0.08674,-0.333,-9.63919,1.91069,2.58283,0
-5.89537,5.91746,-4.20394,2.49403,3.8167,2.01422,-2.7722,-8.59942,1.51024,2.84421,0
-2.2137,5.88289,-1.56073,-10.16069,3.31097,-7.72734,-8.18941,4.54278,-3.53899,-2.60048,2
9.18839,2.72587,-6.80438,3.21889,3.28093,-3.73558,-3.41605,-2.90445,-5.86894,-5.12002,1
8.48124,1.67685,-6.99234,2.36051,1.84308,-3.67446,-3.57382,-2.55727,-5.61431,-4.88115,1
10.71952,2.54709,-6.14429,5.19376,3.61051,-3.01588,-2.41757,-3.55169,-4.32899,-6.69794,1
-3.66074,5.78175,-4.79929,2.80117,5.955,2.03301,0.95042,-8.01931,3.53728,2.4727,0
-4.28489,4.80358,-1.6425,-10.65733,2.21694,-7.22798,-8.04007,2.82854,-4.82351,-3.23252,2
-6.15803,9.16705,-4.50027,2.17758,3.48031,-0.67458,1.36986,-9.62415,1.23903,1.5956,0
-2.21752,7.511,-3.15841,-9.51111,3.32832,-9.03491,-8.84467,1.99443,-2.97585,-3.31687,2
-3.90191,5.70781,-2.64024,-9.57285,2.79327,-8.83912,-7.66324,3.35442,-1.75004,-3.14887,2
8.7694,4.52546,-7.94325,3.11226,4.83992,-2.96606,-4.31787,-4.44283,-6.15539,-6.67333,1
8.68974,2.60812,-6.20729,4.45308,4.3854,-3.7023,-4.29232,-5.46054,-4.79392,-6.15876,1
6.0848,3.00092,-8.53245,3.71985,3.87605,-4.50229,-2.68369,-5.00181,-7.13132,-6.07752,1
-4.44812,6.13831,-6.33393,1.44818,4.57126,1.39552,0.74069,-10.22225,0.18076,2.7926,0
-3.03763,6.09737,-5.46047,3.03434,4.7538,2.69238,-0.08882,-10.40489,2.81604,2.79172,0
8.67194,4.24072,-8.5811,3.76007,3.7338,-3.12047,-3.67907,-3.46812,-5.59823,-6.27861,1
8.66264,3.13499,-6.96933,2.97107,2.60635,-3.5228,-4.29598,-2.96995,-5.55035,-4.88636,1
-4.45068,7.44114,-5.8989,2.64177,2.06998,1.45928,0.67982,-9.0106,2.00592,2.56088,0
10.55146,2.80211,-7.07157,2.12908,3.84098,-0.81497,-5.30904,-4.99985,-5.63761,-8.20629,1
-0.6379,5.29243,-2.48348,-10.7201,4.60823,-8.15251,-9.31108,2.0714,-5.89278,-4.00004,2
-3.54248,3.77902,-1.34277,-9.65219,1.9311,-8.39087,-7.53367,3.3744,-2.88117,-3.3729,2
-4.74953,5.99109,-2.83512,-8.31684,3.11955,-9.67594,-8.43839,2.98881,-4.27194,-3.12078,2
8.64411,0.5788,-5.78137,3.02896,2.9358,-4.52351,-3.0219,-4.49225,-5.90885,-6.29923,1
-4.20975,6.39611,-3.17363,-9.2951,2.79485,-8.56542,-7.60565,2.24767,-2.53862,-2.36866,2
-2.60035,4.73669,-4.5241,2.48787,3.27613,2.4083,1.33881,-9.04081,2.86673,2.81291,0
-2.44048,6.22196,-3.09773,-10.90914,1.38522,-8.53115,-7.84909,4.47899,-3.1284,-1.15043,2
-4.11361,6.12551,-3.60842,-8.41514,3.77179,-8.53184,-9.75934,1.94733,-4.69893,-2.66928,2
10.20967,2.02251,-8.31199,1.49559,4.87257,-3.26078,-3.98887,-4.37408,-5.89782,-5.15269,1
-5.5349,7.47772,-4.60988,2.20676,3.91207,-0.20069,-1.62579,-9.13572,2.14873,3.77342,0
7.9502,2.36033,-5.46434,4.48437,4.1183,-3.52558,-2.82903,-4.19963,-5.98814,-5.0841,1
-5.91652,5.45677,-3.59346,2.07341,4.38534,2.03414,-0.47636,-9.76131,2.18678,3.24434,0
8.09023,1.607,-6.37964,3.48079,3.29235,-3.8743,-3.67453,-4.09112,-5.06606,-5.72671,1
8.19977,1.58675,-6.5933,2.43517,0.79605,-4.51643,-2.74124,-3.91793,-6.33418,-6.65852,1
9.43492,1.80854,-5.97318,3.32152,4.196,-3.65226,-4.424,-3.10571,-5.43589,-6.21299,1
9.68509,3.07114,-7.25443,4.85629,2.80721,-3.13252,-3.27566,-3.70066,-6.02101,-6.73494,1
8.47842,2.29047,-7.81942,3.62261,4.5929,-4.08252,-3.70714,-5.07607,-6.83578,-5.92256,1
-5.80021,6.95563,-4.95761,1.81268,2.63193,0.45109,-0.89912,-9.7079,1.30354,3.09444,0
9.91635,2.72683,-6.36006,3.30147,1.73472,-3.48413,-4.48328,-4.70821,-5.62669,-5.73921,1
8.5645,0.93567,-5.52533,4.29457,4.15097,-3.22914,-2.77953,-4.29424,-7.15613,-5.69404,1
7.14154,3.19342,-8.34297,4.20503,4.6662,-3.89371,-5.35997,-3.21141,-7.45796,-5.24247,1
-5.12282,7.20956,-5.04763,2.22147,2.84092,2.56683,-0.36455,-9.75859,1.36792,2.25933,0
8.10987,3.60348,-8.75425,3.07035,4.00766,-3.19968,-4.11399,-4.50855,-4.28431,-5.97448,1
-2.29019,5.66742,-1.60473,-7.78385,2.81022,-6.40108,-8.05745,2.58041,-3.38203,-2.06009,2
-4.46615,6.2846,-4.78097,0.42601,2.4832,0.1201,-0.02184,-10.40311,2.03615,4.68207,0
-1.45506,5.59884,-2.82346,-9.42938,2.26967,-9.19174,-9.03045,2.81915,-2.73538,-1.66298,2
-2.34217,5.03652,-2.75056,-10.79113,1.59733,-6.79043,-6.13929,1.40526,-5.02543,-5.04008,2
-2.81383,5.87156,-1.96302,-8.75591,2.75134,-8.10323,-6.20203,2.5328,-2.59551,-4.03114,2
-1.48851,5.79595,-2.6097,-10.19992,2.01843,-6.96585,-7.84753,3.37524,-3.60183,-3.41184,2
-3.56106,4.00817,-2.1199,-12.99093,4.09531,-6.87844,-8.77536,2.62269,-4.11059,-3.12922,2
-5.40457,5.04957,-4.69073,2.66009,2.67896,1.13695,-1.16814,-8.59735,3.36853,3.18175,0
-3.90555,5.61388,-3.55893,-8.53484,4.43127,-5.31631,-7.94938,3.80136,-2.6613,-1.89877,2
-3.92634,4.77534,-2.68348,-9.61368,2.06126,-7.36861,-8.98876,3.826,-0.7521,-4.75493,2
8.03104,1.78924,-6.49885,1.35842,1.42359,-3.25215,-3.9074,-5.38409,-3.68759,-5.44329,1
8.23744,1.58485,-7.38779,3.42456,3.22824,-2.51499,-2.39668,-5.04175,-6.55978,-5.27965,1
9.06241,3.26235,-7.75556,1.7763,3.0263,-2.82089,-2.49219,-3.38298,-5.73536,-5.43322,1
10.57655,5.10086,-7.19685,3.38105,2.4977,-2.16699,-0.97876,-5.1151,-5.77924,-8.02437,1
-1.72814,7.82962,-3.8581,-7.9909,1.94695,-7.65904,-6.50775,1.76761,-3.14607,-3.84371,2
8.25056,2.35454,-6.02219,1.5206,2.72927,-3.02424,-2.87263,-3.11491,-6.19898,-6.27154,1
-3.8716,5.10356,-3.96878,-8.86783,3.9989,-7.3132,-10.05347,2.87166,-3.6158,-2.17756,2
-6.43108,6.55647,-4.4973,3.70883,4.3617,-0.11336,-0.48472,-9.88158,0.32493,2.83417,0
-1.02371,5.88127,-3.1904,-9.1232,3.37799,-9.65187,-7.96831,2.83393,-3.03915,-3.5629,2
9.86403,3.36067,-6.64069,3.86039,4.11288,-4.04833,-3.99939,-2.48008,-5.63361,-6.13941,1
-3.4135,6.53395,-1.80769,-9.03667,3.55759,-5.9942,-8.47999,4.73267,-2.09884,-2.98201,2
-6.73761,5.24211,-4.64509,2.59158,3.55173,2.07208,0.2282,-8.62009,1.98151,3.37918,0
-4.99685,6.86108,-6.18454,2.90725,3.00969,-0.65089,-1.37572,-9.49831,2.87646,0.96505,0
-3.40064,5.14899,-2.14631,-9.52326,4.33724,-8.60416,-8.19012,3.34693,-1.71801,-2.6602,2
-2.90883,7.66032,-4.6357,3.96477,3.90929,2.44384,0.67967,-9.12579,1.95198,2.20902,0
8.29448,3.23177,-7.12506,3.00458,3.42279,-3.32754,-3.1261,-5.48768,-5.85295,-6.57351,1
-5.2657,3.9427,-6.2904,2.45929,3.6462,0.24777,-1.48904,-9.8924,-0.56583,2.01837,0
-5.86093,6.5252,-3.28371,2.43288,5.41421,0.15072,-0.78338,-10.05639,1.4042,1.23786,0
-4.00971,5.49734,-5.82017,3.90836,4.86041,1.37938,-1.73472,-7.16292,0.47998,1.86295,0
-5.43548,7.46759,-6.61031,4.00962,4.9609,0.61248,-1.80367,-10.19827,1.59866,2.39478,0
7.1653,4.38477,-6.01862,3.36096,4.28241,-4.12392,-2.25004,-4.79767,-5.7593,-4.54189,1
-5.28106,7.219,-3.99716,1.65896,4.24267,0.26591,0.73136,-8.68253,2.38697,2.52059,0
-1.51842,7.46558,-4.28172,-8.04693,2.98694,-7.20406,-7.26378,3.71356,-3.83049,-3.14,2
9.42986,3.96537,-6.54792,4.12197,4.80826,-3.06262,-3.51233,-2.98596,-5.76565,-6.20378,1
8.80555,2.65723,-7.04004,1.81547,2.66624,-2.57589,-2.69695,-4.17692,-5.02009,-7.30318,1
-3.54854,6.29161,-3.46962,3.53601,3.96229,0.9752,0.05637,-11.65841,1.21103,2.24689,0
8.82229,2.00719,-6.95138,4.62925,2.94053,-1.3523,-3.88254,-2.25532,-6.00484,-6.70725,1
9.14688,2.00949,-8.71429,5.16737,4.28686,-4.31939,-3.32005,-2.61034,-7.54503,-6.44267,1
-4.78515,5.29084,-3.05487,1.2114,5.67916,-0.84352,0.42361,-9.50564,-0.46823,1.9542,0
8.04496,2.57351,-6.16836,3.72799,3.09838,-2.55632,-2.93261,-3.70041,-5.11195,-3.74138,1
8.73837,3.00024,-6.31801,5.18289,4.08985,-3.6379,-0.93673,-3.90563,-4.81463,-5.99393,1
9.14635,2.84221,-8.44063,3.06938,1.2108,-4.81985,-3.40947,-4.68581,-4.86214,-5.41613,1
8.68237,2.74954,-8.32413,3.55663,5.48601,-2.82836,-2.25525,-3.04075,-6.95765,-5.96621,1
8.64045,2.49381,-7.80719,1.42013,2.80623,-2.84002,-3.3826,-4.78291,-6.3022,-5.75819,1
-5.6858,5.46485,-3.93004,1.75959,3.08046,0.41089,-0.80236,-11.73228,2.07099,2.74417,0
9.15653,2.9861,-7.08987,3.35937,2.96228,-4.61564,-3.86209,-4.41368,-6.75746,-7.35331,1
-5.15332,5.93712,-3.97981,3.98047,2.9419,1.69739,-0.562,-9.57899,2.40573,3.55599,0
-3.26967,5.06782,-2.7925,-10.03437,2.61709,-7.31465,-7.31024,4.1154,-3.0474,-2.85514,2
-5.48532,5.93851,-5.40481,4.46455,2.57336,-0.19634,-0.8184,-9.86166,1.70867,1.37805,0
-6.45056,5.01736,-5.59498,2.93125,3.68893,1.89989,0.29738,-8.43813,0.34809,1.11093,0
-5.33028,7.66916,-2.94873,2.95667,3.2042,0.66326,-1.16985,-9.54954,1.37615,4.09523,0
-5.61025,7.57906,-4.47393,1.69355,4.14383,0.51253,-0.83615,-10.11639,2.72533,2.18033,0
-4.42173,6.18698,-3.09685,-8.7246,2.78868,-6.76338,-8.35406,3.42527,-5.11376,-2.64938,2
-5.84608,6.5088,-1.43257,-7.91298,1.75858,-7.02911,-7.17584,2.73397,-1.59235,-2.91848,2
-3.7495,6.10186,-4.03383,-8.41094,2.78298,-6.7002,-7.2967,3.90747,-2.09289,-4.81025,2
-5.41487,5.36777,-4.71312,1.63116,4.2162,1.25766,-0.25672,-9.6267,2.14496,3.40543,0
-3.50665,7.4548,-6.25859,3.74126,5.0733,3.07091,0.02687,-8.57704,0.95222,0.47997,0
-4.1324,7.85248,-4.37153,1.39858,1.66088,0.91772,-1.06517,-11.8658,1.17132,1.80427,0
8.99716,3.14278,-5.93975,3.16299,3.77919,-3.85575,-3.43181,-3.79192,-5.47562,-5.62493,1
-3.30456,6.24677,-5.24235,2.99642,3.86171,-0.30185,-1.29219,-8.84915,2.36053,4.10994,0
-5.1379,6.30881,-4.5647,-11.58842,2.33453,-8.2842,-8.53436,2.26987,0.37286,-2.09959,2
8.43261,3.21795,-6.4247,3.4379,4.1879,-5.46843,-3.10431,-2.36633,-5.39899,-6.39639,1
-3.23346,5.57609,-3.6301,-9.88859,4.28894,-8.43551,-7.81239,2.1209,-3.27918,-2.84831,2
-3.1386,4.45182,-3.9606,2.27319,4.28549,1.66824,-0.63972,-10.246,3.18415,2.59575,0
-1.89697,6.20174,-1.21975,-9.38397,1.67627,-10.11583,-8.65748,3.64959,-2.36021,-2.58924,2
6.76523,3.01816,-7.8246,4.49038,4.79281,-3.15331,-3.38262,-2.79735,-5.43571,-6.28679,1
-2.77184,6.38529,-3.30233,-7.92484,2.94873,-8.32235,-8.19152,2.84553,-1.16496,-3.32499,2
-5.80861,5.12198,-5.10923,3.8401,5.25842,2.3295,-1.03174,-8.13079,2.62599,1.58125,0
-5.9684,6.40185,-4.99986,3.57149,3.16802,-0.15531,-0.48685,-9.55387,2.31445,3.22752,0
-5.31411,5.90921,-4.71826,4.81474,3.3108,1.82193,0.4223,-7.92041,1.63416,2.26364,0
-3.40411,3.25772,-3.96961,-9.55594,3.47998,-7.81569,-8.43461,4.09403,-3.92535,-2.70773,2
-3.34037,6.72388,-4.22586,-7.88915,2.61097,-6.54622,-8.9245,3.13516,-3.91867,-1.35195,2
-6.22256,6.17382,-4.71944,2.6888,4.93256,0.8884,0.17415,-9.40379,2.40167,2.78573,0
-5.60404,4.89675,-5.00451,2.80071,2.7102,1.65668,1.17044,-8.88007,2.65501,0.98244,0
8.23764,1.43555,-5.25876,1.01933,3.41044,-4.42348,-2.90481,-3.73734,-4.74235,-5.88644,1
-5.41636,6.35464,-5.152,2.65561,4.30899,1.52884,-1.173,-8.70379,1.91204,2.20627,0
8.65834,2.19918,-6.76762,4.02601,4.39519,-4.46737,-4.63581,-3.77885,-5.77513,-6.34701,1
-3.48303,6.02483,-3.67156,-11.85151,1.62894,-7.44658,-8.14812,2.17451,-2.85602,-2.83444,2
-2.37681,4.52012,-2.07336,-8.18004,3.67929,-7.84433,-8.51866,2.85638,-3.10923,-1.96528,2
-1.86897,6.45585,-3.70238,-8.66682,3.34192,-8.08523,-7.16807,3.05133,-3.54293,-2.96492,2
8.73952,0.52694,-6.77185,3.20844,2.30013,-3.61475,-2.87463,-2.9758,-3.799,-6.60158,1
-1.81825,4.81464,-3.3525,-7.82214,2.4982,-7.89519,-7.60622,3.39189,-1.97182,-4.05882,2
8.68639,3.94464,-7.4753,3.49764,2.19907,-2.81324,-4.41387,-4.1586,-5.23129,-4.74636,1
-6.06494,7.1074,-4.91491,1.69246,2.71867,2.09325,0.93457,-8.07872,3.01012,5.27481,0
-6.21227,4.43959,-4.47436,3.76293,5.737,-0.43316,-0.12523,-8.31519,1.99691,2.1851,0
-4.70754,6.10412,-3.63226,2.77145,3.4058,2.10819,0.29481,-9.83366,1.67739,1.66815,0
-1.82464,6.02905,-2.00178,-8.69746,2.87971,-9.29374,-8.17357,3.08363,-1.37055,-5.27072,2
-6.41083,7.015,-5.08452,2.35615,5.55458,1.5928,-0.13236,-9.56785,1.77838,2.61187,0
-6.31021,5.35453,-5.73621,2.94473,4.49029,2.80789,-0.94736,-8.9072,2.13431,4.31016,0
-4.26179,5.05046,-1.32528,-9.4131,-0.0875,-8.55343,-8.32288,3.41959,-2.60789,-2.08054,2
-3.64787,6.87816,-3.05145,-7.81001,3.36688,-7.46106,-7.35788,2.96541,-1.9933,-2.75398,2
8.4632,2.95201,-5.87602,3.68336,3.82106,-3.71651,-1.66357,-4.42357,-5.23116,-5.01052,1
-2.61455,5.5204,-2.93845,-10.68464,2.93013,-7.51766,-7.82791,5.06157,-2.25199,-3.48246,2
-3.77053,5.43136,-2.93838,3.41994,4.6062,0.36245,0.00997,-9.11027,2.08262,1.56118,0
-4.68046,4.76507,-3.7418,2.27258,2.57956,1.20113,1.47466,-10.18982,1.65739,3.35823,0
-4.60998,4.37918,-5.18494,-9.9748,2.84298,-7.68021,-9.26328,1.69902,-3.82564,-4.07803,2
-1.65582,4.85011,-2.91025,-8.17272,3.59334,-8.90183,-9.21096,2.62342,-3.86549,-2.46651,2
-3.48745,7.38973,-5.43461,4.66976,2.12227,0.46236,-1.3796,-8.8333,0.50961,3.41866,0
7.28032,3.0729,-7.63411,4.49266,5.03599,-3.92107,-3.09266,-2.25211,-6.09753,-5.23055,1
-4.71629,7.79656,-5.48003,2.14599,4.52964,1.1407,0.4464,-10.54794,1.94486,2.80563,0
9.15426,3.4081,-5.60969,2.81385,3.51657,-3.22759,-2.68502,-2.86235,-4.85257,-5.60464,1
-4.20045,5.90323,-4.46412,1.49235,4.99826,2.67199,0.6233,-11.03177,2.76912,2.80104,0
-4.33181,6.20787,-4.51271,-8.9361,3.31812,-9.06309,-7.46319,2.17628,-2.99845,-4.351,2
-2.85958,5.81193,-3.29777,-11.75536,3.95819,-8.30946,-6.50678,1.09679,-2.3222,-3.79287,2
-1.58496,3.98787,-5.0101,-7.8016,2.00791,-8.31605,-8.25265,3.44262,-2.91175,-2.95454,2
6.54684,2.97253,-5.28982,4.56377,4.283,-2.34526,-2.82691,-5.74935,-5.44688,-6.51525,1
-6.45927,7.83004,-5.08018,2.94959,4.53026,0.58023,1.27586,-8.95276,1.14709,2.33937,0
9.67637,2.37744,-6.45888,4.86381,3.04972,-4.68357,-4.74345,-4.38377,-7.27535,-5.24493,1
-4.32611,5.25622,-2.75512,-9.41379,1.6321,-8.08586,-8.36635,4.86218,-2.92355,-2.45479,2
7.46161,2.67913,-6.59291,2.73395,4.34349,-4.07783,-3.46845,-3.37551,-6.17237,-5.75615,1
-4.86709,6.65489,-6.11434,3.17999,3.5548,1.43168,-0.41114,-10.29172,1.23382,2.38949,0
-6.83343,6.72371,-3.86193,1.69861,3.31385,0.18769,-0.57682,-8.98337,1.49415,2.87418,0
-3.71979,5.65489,-3.89539,-10.2893,4.06736,-7.93595,-8.73497,3.59288,-3.27727,-2.31396,2
9.00576,2.91872,-6.22589,3.60349,3.98766,-3.73186,-3.5706,-2.22711,-7.05338,-6.16883,1
-2.35767,6.08841,-3.76551,3.33994,3.41449,0.13603,-0.33409,-8.54568,2.16928,2.80692,0
9.42607,1.98533,-7.97903,3.3295,3.36558,-3.89713,-3.41156,-3.2454,-6.79049,-5.36934,1
7.37951,2.13105,-7.06197,5.6844,1.81593,-3.48587,-3.81116,-5.53582,-6.19926,-6.20311,1
8.78178,2.53918,-5.56742,2.22139,2.9214,-2.5035,-5.62041,-2.90869,-4.33733,-4.41539,1
-2.93794,4.57804,-2.9374,-8.95394,4.03817,-8.30141,-6.94502,3.12317,-2.37302,-3.14569,2
9.98244,2.95309,-7.01345,5.43263,1.86265,-2.03352,-5.66671,-3.43726,-8.88684,-4.60401,1
-2.77658,5.16573,-3.16449,-9.91886,2.21173,-7.51021,-8.38205,4.69388,-2.9263,-2.52831,2
9.15378,2.57236,-7.03108,1.80377,3.25313,-2.895,-3.22519,-2.13637,-5.2595,-5.25848,1
-4.87545,6.66025,-5.43692,2.7221,4.25607,-0.32841,-0.45281,-9.3125,-0.142,3.83186,0
-4.26929,5.70843,-4.48239,3.90044,6.00303,2.18137,-0.64167,-10.07138,2.99637,2.07079,0
-6.23136,5.89708,-4.41246,3.67804,4.64908,1.10993,-0.42857,-8.70465,2.51392,3.59217,0
-4.29173,5.38273,-3.27159,2.31378,5.33087,0.68798,0.8623,-6.0295,1.5244,2.30049,0
7.5369,3.21233,-8.04409,3.47509,2.92175,-3.58983,-3.03334,-2.29347,-6.64778,-6.33053,1
-5.62677,6.08133,-4.23547,2.15751,2.39256,-1.97353,1.72296,-7.60171,2.36908,4.34982,0
-5.67048,6.40811,-5.33804,1.46826,4.8572,-0.20439,-1.7064,-10.24736,2.10496,1.71516,0
9.70295,2.63293,-7.47973,2.85292,4.02291,-4.29024,-3.9054,-4.30057,-3.56513,-4.49506,1
-6.03777,4.60004,-4.68053,4.92718,3.22255,0.30088,-0.64376,-10.2171,4.11019,1.55144,0
7.74349,3.92028,-8.1809,3.95037,3.77142,-3.54873,-3.1439,-3.86673,-5.51528,-6.55053,1
9.79744,3.37534,-7.94695,5.19269,4.21584,-2.35544,-5.78878,-4.75314,-8.17207,-5.93624,1
-2.83081,6.6608,-3.23838,-8.43308,4.82225,-6.46511,-6.89061,3.15786,-2.63007,-3.44338,2
-6.32311,5.94349,-4.65834,2.84588,4.47082,0.02524,-1.74532,-9.43391,1.5125,4.54618,0
-4.95768,3.97739,-2.87189,-8.69912,3.93272,-9.81837,-7.13814,4.84029,-4.6708,-2.23249,2
-2.59255,6.47636,-2.02181,-9.79844,3.39758,-8.10427,-7.57062,1.08051,-2.6589,-3.17412,2
-2.97073,4.74755,-2.44485,-11.04671,2.3912,-7.25149,-8.05343,1.82728,-1.57347,-2.48678,2
-2.44236,4.45644,-1.04385,-9.34494,3.04527,-6.19324,-7.99426,3.20975,-0.82684,-1.47081,2
-3.59393,7.77492,-1.90406,-9.37311,2.35009,-8.64738,-7.7587,3.66309,-3.16429,-4.10914,2
8.87268,1.97945,-8.03871,2.42727,3.02614,-2.31481,-1.69639,-2.28393,-5.18893,-6.17711,1
7.79013,2.35284,-5.62708,3.24569,3.67034,-2.28764,-3.13594,-2.11032,-4.23339,-6.39386,1
8.38986,2.20296,-7.13577,2.41792,4.1024,-2.71158,-3.47778,-3.1134,-6.81824,-6.45369,1
-6.16954,6.97077,-5.64408,4.31566,5.82226,2.7503,-0.8839,-8.05112,3.56026,1.39678,0
-3.07591,6.07743,-3.1394,-8.94525,1.23476,-9.75938,-9.29736,1.93992,-1.34417,-2.58088,2
-5.99938,5.35732,-2.7808,3.18846,4.54021,1.08832,-0.38125,-11.15216,1.07369,1.82737,0
-6.4921,7.02788,-5.1884,2.94,4.69352,0.45318,-1.6083,-10.39924,1.90212,2.39573,0
-3.53942,5.8892,-3.34257,-9.40533,2.93603,-9.55114,-7.05867,1.34019,-3.13679,-3.80305,2
-5.87197,5.81654,-3.97589,1.31067,4.66746,1.13625,-2.29944,-8.57971,2.12359,3.82202,0
-2.74913,5.54296,-3.99581,-8.96702,2.05893,-6.98987,-7.12551,1.74096,-3.15388,-2.72709,2
10.14822,3.5439,-4.77831,2.20338,3.02496,-3.86439,-1.52539,-2.19067,-4.5234,-5.59392,1
-5.70704,5.99905,-3.05847,3.99862,5.82619,1.03224,-1.59827,-9.7858,1.4937,2.75008,0
7.90933,2.39547,-7.31908,4.24485,3.97483,-1.58662,-2.77174,-4.31689,-5.73465,-4.34568,1
7.67345,2.74607,-6.87037,1.79095,4.96474,-4.66762,-4.47988,-2.95957,-5.88489,-7.11681,1
-2.38017,5.93876,-3.42542,-9.76354,3.94649,-8.49648,-7.86571,1.08109,-2.37776,-2.9289,2
-3.67359,6.24022,-2.06989,-9.52131,1.93121,-8.18858,-7.60589,4.42203,-2.75621,-1.58385,2
8.48169,0.31092,-7.31518,3.95917,2.75628,-4.57336,-2.59125,-5.46809,-6.12573,-6.66639,1
8.66027,3.55263,-7.83467,3.45447,3.88777,-4.20965,-4.5482,-4.9637,-4.77818,-4.31516,1
-2.92575,5.0065,-3.83883,-8.43926,4.33867,-6.326,-6.54386,4.52942,-3.4873,-5.23519,2
8.86358,3.32643,-5.94461,3.66551,4.11192,-3.4769,-3.88184,-3.07178,-6.24061,-6.35273,1
-4.22143,5.27687,-3.70999,-9.53413,2.28361,-8.92803,-7.56049,3.98344,-5.36556,-2.93695,2
8.28748,2.74703,-5.84517,4.38123,3.30929,-4.00477,-4.96495,-2.55536,-5.759,-5.56336,1
-2.38982,6.04643,-1.84929,-10.82636,2.34771,-7.91302,-7.96614,3.92694,-2.55898,-2.23199,2
-5.29557,6.43937,-4.44638,2.52475,3.11817,1.10079,0.10139,-7.96444,2.36726,2.28561,0
-1.99758,4.94183,-3.95505,-8.49485,3.95881,-9.99604,-8.10274,3.17408,-2.94112,-2.66332,2
-5.59131,6.10116,-3.40682,2.03078,5.47138,2.31551,-0.85561,-8.59683,0.36738,1.55861,0
8.85709,0.90817,-7.85167,3.61352,1.31973,-2.09666,-4.63845,-2.97859,-6.77311,-7.91515,1
-6.80558,6.31092,-4.94194,4.26951,3.63462,1.05386,-0.21954,-8.73661,0.25872,3.31258,0
-1.47206,5.13799,-4.36173,-9.03712,3.40985,-10.32612,-7.71623,3.63126,-1.72068,-2.95308,2
-1.47243,5.25193,-2.90299,-8.75422,3.55927,-7.97438,-8.51327,1.88998,-3.28695,-2.58958,2
7.7579,3.00756,-6.44249,4.57184,2.77238,-3.43102,-4.98951,-3.85017,-5.74113,-5.94343,1
-1.6443,5.65377,-3.96674,-8.96966,2.81545,-7.76885,-7.4131,4.15625,-1.705,-5.2607,2
-3.87519,6.29669,-4.6764,-9.80435,0.76253,-7.84885,-9.92643,1.64116,-4.19818,-2.43307,2
9.76887,0.75229,-6.65972,5.31341,3.49225,-3.19746,-3.01667,-1.79373,-6.44272,-6.42669,1
-4.53295,8.04203,-3.46737,-10.44909,4.72782,-8.62935,-8.35112,1.70022,-3.4286,-2.43774,2
-3.75514,6.81091,-4.42523,-10.16397,2.3677,-8.46949,-7.42729,3.38517,-3.06746,-3.05284,2
8.73721,1.77585,-6.60276,1.91835,3.04174,-2.78356,-4.92481,-3.73752,-3.95594,-6.43768,1
-5.10678,5.87066,-4.63597,1.14152,3.64116,0.05804,-1.26485,-8.85387,1.74057,3.71453,0
-4.57942,7.58821,-2.04993,-9.24781,1.57349,-6.78672,-7.24309,4.60271,-3.08197,-3.06032,2
-3.25367,4.69781,-3.08744,-8.68698,3.17835,-7.52867,-7.15486,2.75355,-2.85844,-2.67135,2
-5.74013,6.01169,-6.39311,2.69587,5.44972,0.76175,-1.3815,-7.26779,2.31152,3.73868,0
-2.1419,7.75152,-3.64311,-6.88964,4.50116,-7.54676,-6.08825,1.528,-2.42634,-5.49546,2
9.04217,3.98836,-7.58628,3.95485,4.06898,-2.57455,-5.45833,-4.26901,-5.20483,-7.78118,1
-4.69315,7.23965,-3.95845,-8.97856,2.22319,-8.55481,-8.60946,4.18941,-3.31806,-3.72729,2
-4.97237,6.21475,-4.61798,1.52054,2.85082,1.65034,0.67358,-9.3635,1.67121,2.77774,0
-6.75403,5.25504,-5.163,2.35773,3.8872,-0.39021,1.04091,-9.57923,2.55823,3.11781,0
-2.03621,4.20781,-3.26726,-8.74587,4.38447,-8.13188,-6.94358,3.87598,-4.64081,-3.07196,2
-4.31281,6.38435,-3.51867,3.29195,3.78242,0.68092,-0.85125,-7.6011,0.25428,1.66074,0
-3.63033,6.04094,-5.05321,2.33683,3.87482,1.2493,-0.52846,-7.58344,2.41448,0.85675,0
-6.07393,5.69157,-3.59468,2.43006,3.92916,1.59193,-0.49409,-10.17036,2.13398,4.4773,0
9.70652,1.79722,-7.62079,4.30706,4.08215,-3.494,-2.57372,-4.2585,-4.57865,-5.80665,1
-3.95695,6.25698,-2.01178,-7.64762,4.51703,-8.29039,-7.94926,3.65893,-1.41231,-4.00576,2
8.29375,3.33562,-6.46871,2.59821,4.97762,-4.18871,-3.89856,-3.03865,-7.20757,-6.4221,1
-4.99128,6.95785,-4.51563,2.33775,5.35293,0.21168,-1.10255,-8.09943,2.88958,3.55103,0
-6.39395,6.81995,-3.94135,2.54727,2.39585,0.78338,-0.43925,-9.34203,2.13155,1.55353,0
-6.368,5.46056,-5.69398,2.25037,5.33649,-1.33847,0.49962,-8.68253,2.0934,3.32101,0
-3.6472,5.34154,-2.76617,-9.3404,1.6955,-7.26232,-6.65041,2.94779,-2.85269,-3.39057,2
-5.49474,5.40215,-4.82884,2.3512,4.23482,0.89314,-0.08715,-11.79433,3.09484,3.8512,0
7.21975,1.03244,-6.91431,3.49548,3.9164,-3.76698,-1.55054,-3.391,-4.95704,-4.89169,1
-1.92177,8.53901,-2.34539,-10.02224,1.6153,-8.06672,-6.50784,2.34355,-4.8002,-2.75384,2
8.53565,3.01253,-8.03446,4.99707,2.45429,-5.85418,-2.14868,-4.23149,-3.7572,-6.08824,1
9.93066,-0.16111,-7.01296,2.87807,2.40814,-4.05997,-4.31916,-4.32878,-5.72195,-6.67739,1
-1.83691,4.22791,-2.48557,-8.76944,2.80122,-9.6751,-6.68196,4.62985,-2.65207,-1.99126,2
9.091,2.52354,-6.80113,3.16375,4.79354,-1.97714,-2.43589,-5.49597,-4.94806,-6.10277,1
-4.78592,6.09083,-4.46894,2.13448,6.45042,0.99103,0.39512,-9.78684,1.48702,2.01528,0
-3.80895,5.35178,-5.07889,3.86613,3.71604,1.19969,-2.13905,-9.76244,1.27613,2.91963,0
8.78273,2.48062,-5.27526,2.76391,3.42261,-4.82434,-3.46952,-2.2849,-5.22346,-5.97586,1
9.41916,2.72293,-6.36624,4.11272,4.65324,-2.66853,-2.977,-4.10941,-4.8981,-6.1926,1
-2.30615,5.60388,-1.11534,-8.63188,3.92011,-8.94601,-7.5149,4.5239,-3.48183,-4.26465,2
-3.03851,6.3548,-4.63688,-7.64252,1.13886,-8.63262,-8.33923,4.69197,-3.80688,-3.67756,2
-2.08273,4.87639,-3.20977,-9.21082,3.19945,-7.07739,-7.93627,3.80017,-4.54515,-2.73979,2
-5.03047,4.71262,-4.48076,3.71497,4.40792,-0.92882,-0.50045,-11.49694,1.90108,2.43441,0
-3.56912,5.29049,-4.39363,-9.0888,1.98728,-7.6536,-7.56237,1.15559,-3.94651,-2.47265,2
-5.49635,5.04361,-5.99815,2.48684,5.09223,2.65481,-1.26255,-8.33617,1.87828,3.12466,0
9.12379,1.98802,-6.43568,4.05442,6.04078,-4.55893,-3.0823,-3.72513,-5.16999,-6.23388,1
-5.00696,7.73369,-2.7847,-11.00036,1.90303,-8.33356,-7.63342,1.93865,-3.29324,-4.13262,2
-3.77792,4.4639,-5.05808,3.81991,3.94616,-0.97711,-2.13053,-9.84115,0.92793,2.58854,0
-6.08256,6.14102,-4.3465,2.18495,5.0214,2.35475,0.57431,-7.88722,1.12549,2.85155,0
9.88774,3.68861,-7.17073,2.55096,3.78427,-5.05272,-3.05993,-2.92411,-5.14082,-7.00194,1
7.97683,2.36571,-5.44662,2.95142,2.44317,-4.19546,-3.47012,-3.71509,-6.42754,-5.86702,1
-3.25032,7.38721,-2.84795,-7.71797,2.6968,-8.50412,-10.23441,4.00074,-2.55719,-2.1664,2
7.57881,3.14495,-8.8131,3.76394,2.39554,-3.92755,-2.83778,-5.20462,-4.98403,-7.80479,1
-5.42781,7.60185,-4.85685,3.07845,3.60254,-1.52462,0.72953,-9.40967,1.70871,2.01969,0
-4.62168,5.48693,-5.66517,3.02611,5.55654,1.21315,-1.22466,-9.45111,4.57707,2.39325,0
-4.31918,5.41919,-5.00998,0.6297,2.08844,1.30026,0.51068,-8.98237,2.1411,2.45499,0
-3.62764,6.34173,-4.01537,-9.51103,2.75919,-8.73861,-7.51067,4.54437,-2.61405,-3.60296,2
9.65816,3.03962,-5.58052,4.08605,3.0654,-2.76139,-2.48952,-3.06958,-6.88466,-5.54686,1
9.62474,2.33075,-6.99866,2.14458,4.11731,-2.36983,-3.85184,-3.27482,-4.84923,-5.74114,1
-4.85692,6.73065,-4.81497,2.18021,4.35825,-0.38296,0.61844,-8.42189,0.24352,2.26078,0
8.81325,0.38134,-8.38287,3.69009,3.99277,-3.3266,-2.8402,-1.85162,-5.5481,-6.38469,1
-5.10262,5.3247,-5.83606,1.84367,2.27535,0.47218,-0.98845,-8.87401,2.82541,1.74935,0
-2.83581,6.2749,-2.57906,-9.78316,3.82145,-9.25811,-7.98404,2.08307,-3.07451,-3.32836,2
-6.3014,6.11917,-6.18004,3.04455,4.3626,1.03397,0.22141,-8.50919,2.89429,3.22028,0
-5.18126,4.72185,-4.63724,2.6058,4.73188,1.04145,0.69691,-8.93582,2.88049,1.10881,0
-5.16372,5.02419,-5.3972,3.18395,4.4037,0.95772,0.06841,-10.67072,0.61891,2.67961,0
-2.68507,5.92152,-3.87922,-8.88103,2.19194,-8.12122,-6.63811,1.61289,-2.37353,-4.32697,2
8.61545,1.4977,-6.18127,4.35413,3.03525,-2.9626,-3.34852,-3.48755,-5.06752,-5.27124,1
9.9925,2.04539,-6.19832,2.40568,3.77602,-3.15347,-2.86554,-4.80796,-4.72304,-7.09231,1
8.18755,2.05114,-5.07326,3.17836,2.88754,-3.65503,-2.86485,-3.96901,-5.89726,-6.41428,1
-5.05037,6.08322,-4.25871,1.07616,5.12148,2.2775,-2.04078,-6.79584,1.07334,1.86458,0
-5.49066,6.83519,-3.25091,1.15938,3.14006,1.00964,0.4371,-8.67826,2.45332,3.30511,0
-5.50425,8.66641,-2.0677,2.11332,5.06966,-0.23677,-2.47584,-7.65291,2.5774,4.79532,0
-2.26115,5.67329,-3.56024,-8.40203,4.38228,-7.70857,-7.32277,0.86562,-1.6378,-2.39113,2
8.0185,3.91075,-7.2613,4.1917,4.3016,-1.68031,-3.20283,-5.4201,-6.16696,-6.61968,1
11.01358,3.50404,-6.416,2.80769,4.73229,-3.61968,-4.34764,-4.31035,-5.89847,-8.11644,1
-5.71585,6.43603,-3.88795,3.62224,4.73289,0.87883,0.26014,-9.58354,3.24682,2.81737,0
-4.66949,4.80063,-2.97862,-8.99677,2.20067,-7.78792,-10.26471,3.20606,-2.74719,-1.66923,2
-2.63972,6.26509,-2.80773,-10.14235,3.86675,-8.69832,-8.72683,3.47831,-1.87633,-3.84181,2
8.87396,2.37855,-6.72148,3.80453,2.96708,-2.29291,-3.79655,-3.52244,-5.34845,-6.66588,1
-3.64229,5.84321,-3.78037,-9.28126,2.30607,-8.93426,-7.21603,2.21605,-4.75341,-3.90637,2
9.17717,2.65412,-6.9895,3.98386,4.05538,-5.59543,-4.96204,-4.56573,-6.21689,-6.35792,1
9.43835,6.0385,-7.81986,2.47133,4.63055,-3.03729,-4.5981,-4.00715,-5.68733,-5.29697,1
-5.06459,6.70799,-4.48675,-11.28645,2.37862,-9.20914,-8.00085,3.89322,-1.54489,-2.72122,2
-5.18104,5.08879,-5.91079,2.60358,4.1538,1.36566,0.1083,-7.99444,3.94587,3.28611,0
-5.59533,3.87631,-4.6095,2.07794,6.22733,1.15575,0.06828,-11.29159,1.00604,2.35836,0
-2.99905,6.43945,-3.55628,-8.62283,2.22689,-8.55189,-8.31738,3.00331,-4.58873,-0.29848,2
9.72978,3.71247,-5.52404,2.52108,3.31803,-3.53811,-3.92855,-4.10809,-6.89705,-5.42266,1
-3.97986,7.89807,-4.82954,2.56984,5.016,-0.35417,1.34778,-7.88905,1.16598,1.71457,0
10.7336,3.08217,-6.5405,3.9542,4.21057,-1.7666,-5.25366,-4.35512,-6.25356,-6.31157,1
-6.45341,6.70221,-5.05229,3.38125,3.68637,1.43817,0.26676,-7.6513,1.6567,1.71362,0
-5.13893,7.00517,-3.05489,-9.42726,2.87508,-9.34727,-9.51377,6.09141,-1.5834,-2.45935,2
7.62036,2.94373,-8.06179,4.11274,1.32165,-4.40621,-3.55904,-3.76351,-3.75067,-6.10148,1
-5.7851,5.43192,-4.9088,3.26036,4.04328,2.07093,0.60667,-9.22305,2.31469,3.22809,0
8.52186,3.01664,-7.34644,2.70279,3.87462,-2.12384,-2.38999,-4.36823,-4.36588,-4.80192,1
9.01514,3.20123,-6.46746,2.76906,3.96614,-4.62172,-2.16868,-4.83637,-6.74802,-3.82629,1
-3.28139,6.41217,-2.85635,-10.24039,4.06572,-8.28893,-7.28334,2.97636,-4.32087,-4.10567,2
-5.5038,4.75647,-6.14869,0.94495,5.06697,1.45715,1.31879,-7.73943,1.00254,2.0346,0
-4.28393,5.49688,-4.38859,3.05828,3.75156,-1.31685,-1.39365,-9.54373,1.5569,3.04515,0
8.7815,2.1059,-7.04338,4.18608,2.39543,-4.05964,-3.28794,-3.66688,-5.69931,-5.92357,1
-3.9595,5.22056,-3.70502,-10.50283,2.49439,-8.30987,-8.62471,3.48563,-2.38658,-2.83521,2
-3.35767,5.05704,-2.28772,-9.96608,2.72814,-8.80246,-9.50151,4.02022,-1.33527,-2.75516,2
-1.54287,5.81457,-4.01904,-8.96045,1.36502,-8.48507,-8.33858,1.97753,-3.9093,-3.92019,2
8.38895,2.69275,-5.7143,3.39062,2.19766,-5.87836,-2.40544,-3.59814,-4.6317,-4.3799,1
9.19459,2.01294,-5.89739,2.84763,3.42415,-3.11988,-4.03473,-3.16242,-4.93114,-5.27622,1
-6.2778,6.42698,-6.23117,2.78764,5.62361,1.78539,0.03154,-7.38195,1.98985,2.96084,0
-5.35633,5.64092,-4.61291,2.85972,3.94495,-0.08152,-2.16642,-7.4067,3.77947,2.89152,0
-5.79828,6.84132,-5.99608,4.7471,4.3356,1.10828,-1.26606,-9.41832,4.14805,3.44131,0
-2.77396,5.87493,-2.58692,-8.80556,4.5538,-8.10268,-9.28986,2.95361,-2.61037,-1.92926,2
9.56238,2.21309,-7.45955,2.23549,4.56516,-3.35676,-3.83432,-4.00203,-6.08407,-5.86618,1
8.96669,1.74829,-7.01861,3.39683,2.04281,-1.92157,-2.3183,-4.55475,-5.8913,-7.69865,1
-6.15225,6.00256,-5.29718,2.33124,4.51015,-0.51719,0.56532,-9.33964,1.04874,3.02961,0
-2.00807,6.7628,-5.259,2.30524,5.05709,1.22465,0.69358,-8.30278,1.32989,1.44451,0
8.74444,3.16766,-6.76619,3.66821,3.36142,-3.00584,-3.97171,-2.35331,-4.62366,-6.11093,1
-5.9323,5.96193,-3.89723,2.0112,3.40626,1.52799,0.07229,-9.77858,1.31286,3.61299,0
8.80941,4.06674,-7.04761,2.52382,3.47816,-1.03399,-2.65297,-2.35795,-6.38265,-4.65263,1
8.41507,2.22489,-7.96682,5.10174,3.75544,-2.57208,-3.20385,-3.08479,-5.66962,-6.6269,1
7.3923,2.07446,-6.37228,4.22141,3.84061,-4.5687,-3.22903,-4.59498,-5.88395,-7.15695,1
-3.50264,6.97391,-2.81029,-7.29846,2.93098,-9.37502,-8.45589,3.87027,-1.02142,-3.73004,2
8.2808,1.75667,-6.45362,3.65998,3.5871,-4.53928,-1.83001,-3.77602,-5.30477,-6.63217,1
-5.09969,5.55453,-3.05771,0.80562,3.42072,1.74,1.76861,-9.48357,-0.43573,2.29101,0
-5.35237,6.97795,-5.55745,3.40382,3.09951,0.98895,-0.49831,-9.47757,1.70549,1.86381,0
9.06311,3.5302,-6.31813,6.20576,4.44003,-2.63066,-2.78322,-3.10092,-4.29206,-5.8485,1
8.42498,2.01285,-7.00902,3.88109,2.86468,-4.78653,-3.02452,-6.05331,-6.02391,-5.30488,1
-4.57195,7.36599,-4.26617,3.71412,3.47478,1.11278,-1.43423,-10.317,1.27389,3.8837,0
-6.20887,7.81622,-3.78089,2.77381,4.35414,-0.48498,-0.47018,-9.10199,2.55481,3.06168,0
-6.04886,5.67253,-2.91528,3.12965,4.61867,3.58378,-0.54909,-8.91391,0.81516,3.0635,0
-5.38339,7.83746,-4.66232,-0.10743,3.7316,0.35214,1.63395,-8.96169,3.03264,1.88574,0
-3.52482,5.22948,-2.71469,-10.27004,3.78288,-9.70114,-8.22273,1.76026,-3.65766,-2.42221,2
10.4037,3.65673,-7.32553,2.32958,3.55762,-3.74537,-3.57143,-3.32424,-4.97092,-5.60582,1
9.8722,1.39917,-9.23622,3.61608,3.71037,-1.79055,-4.76126,-5.33986,-3.99573,-5.74462,1
-5.61011,6.69016,-5.12109,2.8244,4.77362,1.07719,-1.26419,-9.87875,3.13339,1.98479,0
8.40291,3.94779,-4.72983,2.98685,3.72961,-2.85157,-2.37292,-3.89746,-6.34331,-6.23555,1
-5.02858,6.79775,-5.70993,3.47129,3.67932,1.81643,0.9208,-8.73871,0.89354,2.3274,0
-4.76288,6.03492,-4.69097,0.52787,3.71295,-0.50229,-0.06459,-8.67681,1.21957,1.40186,0
8.87792,1.30029,-5.11513,3.44049,3.42298,-3.98155,-3.12709,-5.33148,-4.15739,-6.55081,1
-2.70557,4.78638,-3.99318,-11.66252,3.39699,-7.76205,-9.50391,4.21019,-2.97704,-2.05556,2
-5.0075,6.18836,-3.8846,-9.47546,5.31512,-8.23661,-9.30076,1.99295,-3.1607,-2.60577,2
-1.71389,5.78588,-3.43904,-10.65095,2.00515,-9.81482,-9.25332,4.62728,-1.81904,-2.99616,2
-2.96569,5.489,-4.18951,-10.55082,2.99951,-7.8262,-8.37932,2.45185,-1.98234,-2.97285,2
-3.60507,6.0717,-4.00578,-9.43831,3.18571,-5.49419,-8.7203,2.31213,-2.26096,-4.8865,2
-4.81592,4.41946,-4.33023,-9.62711,3.22714,-7.53178,-8.1214,3.92287,-2.3769,-5.33403,2
-6.38403,7.90451,-4.89239,1.90489,3.55552,-0.22456,-2.86799,-8.68281,1.49701,2.52401,0
-2.68078,6.78779,-3.91268,-11.68344,5.0047,-9.65379,-7.41868,3.27315,-2.28387,-2.82319,2
-4.29303,6.54494,-4.56883,-11.28858,2.3834,-9.89114,-8.4149,4.43033,-3.51042,-3.84839,2
-5.52902,4.95717,-4.53647,3.66145,3.10816,1.9732,-1.88264,-9.68062,1.78983,4.70105,0
-2.61897,6.67598,-4.10947,-10.54755,4.19948,-9.26018,-6.97495,2.68958,-1.20539,-4.66596,2
7.74212,2.36205,-5.11667,2.73259,3.3718,-4.23448,-4.08518,-3.50056,-7.14845,-6.44629,1
9.10825,3.57685,-8.4154,2.16436,4.40637,-3.38402,-3.91558,-5.72344,-5.82524,-5.64897,1
-4.62039,5.96805,-2.47669,-9.94363,3.8768,-7.457,-9.99632,2.70835,-2.91629,-1.06755,2
9.36477,2.74624,-6.97627,1.23921,5.31214,-2.52116,-3.65197,-3.4656,-5.23742,-5.92599,1
-5.26026,5.1355,-4.35506,2.77274,2.77659,1.19189,0.50939,-9.40333,1.41823,1.83138,0
-4.90494,6.7099,-2.68969,-9.17548,3.22505,-5.73095,-6.71708,3.23342,-2.82568,-2.57326,2
-2.6464,6.03324,-1.91961,-8.81183,3.96881,-8.17283,-6.98984,3.23879,-3.78221,-2.71796,2
-2.91393,5.35514,-3.28994,-9.53065,3.60788,-8.44194,-7.9687,1.73473,-5.30533,-3.50338,2
-4.96828,5.85383,-2.91781,3.0706,3.84274,1.65312,0.99589,-6.58754,3.42531,3.44117,0
7.03334,2.88863,-6.4723,4.43515,3.5671,-4.11568,-4.08951,-3.86853,-6.67828,-6.31442,1
-5.80951,5.48657,-6.18533,4.48747,3.05558,-0.66299,0.61587,-8.20541,1.66325,2.01287,0
-4.25843,6.27506,-4.39595,-10.95417,4.30469,-7.59788,-7.34288,3.19858,-2.37604,-3.53075,2
-2.18199,5.23444,-3.87533,-8.05531,3.07539,-9.3458,-8.73717,3.31968,-3.21703,-2.63168,2
-5.342,4.86994,-1.72046,-7.97945,2.37697,-8.65112,-8.28497,1.74838,-4.47236,-2.39085,2
-6.13041,4.80515,-4.59436,2.92458,4.70918,0.80483,0.40262,-8.22799,3.15257,1.57836,0
-3.68391,5.51516,-2.64677,-8.74495,1.45599,-9.46476,-7.94437,2.78506,-2.89166,-4.54314,2
12.76424,2.20048,-6.62784,2.85839,4.11628,-3.56989,-1.6347,-3.66805,-5.78273,-5.31059,1
-2.68417,2.89529,-2.36443,-9.24017,1.63147,-8.75259,-9.85276,1.95724,-4.35877,-3.147,2
8.35298,2.35732,-7.6721,3.34439,2.29616,-4.5904,-3.00183,-4.0784,-4.50717,-7.51953,1
-6.32456,5.74922,-4.83208,0.70966,5.63876,0.86443,0.89871,-11.19635,3.47113,3.2441,0
-2.34797,5.4543,-3.23567,-9.75567,2.81855,-6.63306,-6.98492,1.93107,-3.84599,-2.3442,2
-4.71182,4.93023,-6.20606,1.30828,1.72324,-1.169,-1.91274,-9.41906,2.32787,1.61171,0
-2.1233,5.17375,-3.27591,-8.74808,1.72124,-8.26872,-6.79808,2.1675,-2.14433,-2.7843,2
-4.73739,6.47985,-2.4845,2.77412,3.20652,2.05955,-0.77672,-8.62891,1.12026,2.52564,0
8.77616,4.21911,-5.22646,3.31856,6.0761,-1.63614,-4.60439,-3.84654,-7.81424,-5.89226,1
8.86332,4.22704,-8.01828,3.40333,2.31005,-3.69525,-2.22125,-3.91885,-5.44372,-6.64881,1
-5.353,6.08197,-5.83356,3.30355,4.95897,1.09695,-0.86845,-10.98771,1.04065,1.60734,0
-2.88991,6.23869,-1.72139,-9.22149,2.27977,-9.40344,-8.71468,1.16459,-1.83028,-4.0841,2
9.39895,1.97475,-5.87426,2.30369,4.27963,-3.28223,-3.7581,-3.63708,-5.45513,-6.77043,1
8.26668,2.62956,-6.86264,2.60149,4.63065,-4.43108,-2.82918,-4.96878,-6.63046,-6.6253,1
-2.53569,4.81136,-4.56408,-9.17648,3.74957,-8.5268,-8.42232,2.79752,-4.1445,-1.76617,2
9.52768,2.11423,-5.743,2.79977,3.65672,-4.22193,-2.09703,-1.52472,-6.34074,-5.37862,1
-3.79245,5.56379,-3.29359,-8.92225,3.32961,-7.53161,-7.04538,1.08448,-3.88776,-4.04091,2
8.33711,2.33172,-8.8064,3.06377,2.90216,-3.72779,-4.78071,-5.1244,-5.22744,-4.45481,1
-4.83993,7.08305,-2.69339,3.47629,5.52251,-0.27052,0.26274,-10.35151,1.12439,4.28471,0
-5.33641,7.63895,-5.66211,2.35216,3.82672,0.02734,0.90854,-9.1676,2.01469,0.76516,0
-4.42292,5.17985,-4.55458,3.39456,4.32308,1.76778,0.32474,-9.27413,1.26083,3.30846,0
-2.30861,2.72244,-2.0568,-11.20883,2.01023,-8.4419,-6.75813,3.78061,-3.91529,-3.7161,2
-5.65428,7.32804,-3.9972,1.87185,4.58884,-1.38486,-0.35254,-7.61002,-0.06804,2.03009,0
-5.54728,4.61078,-4.0781,3.68474,5.16166,1.7428,-0.68808,-11.5059,2.60689,2.89744,0
-2.20928,5.03427,-3.19387,-8.3268,3.95107,-7.58577,-8.21263,1.94398,-3.49218,-3.30098,2
9.58091,4.11897,-7.09602,2.19213,3.04277,-5.01292,-4.07714,-4.488,-4.95244,-5.42049,1
-5.51611,6.90092,-4.99714,3.1343,4.42512,0.56286,0.72656,-9.54336,1.20238,3.3071,0
-2.98108,6.40406,-2.75091,-10.29562,4.10217,-5.69068,-10.21554,2.99748,-3.81969,-3.44321,2
-4.06742,6.02521,-2.68825,-8.4746,3.48477,-8.4691,-9.46743,0.72757,-4.83844,-3.19482,2
-2.99115,5.84525,-3.67284,-11.71238,3.36908,-6.77097,-6.60638,3.11171,-3.04024,-3.29461,2
-7.04025,6.1981,-4.21612,3.42559,5.3026,0.85872,0.05093,-11.43308,2.68226,3.77748,0
6.6492,3.37363,-8.15702,2.4024,4.76225,-2.60008,-3.95202,-4.00799,-3.78272,-5.83063,1
-2.34698,5.83015,-2.36643,-9.78429,2.05603,-7.39992,-8.58705,3.13893,-3.84144,-4.04783,2
-6.12908,6.60905,-7.34129,2.70071,5.49156,0.47248,0.18944,-9.99898,1.38133,3.86172,0
-4.34242,6.0456,-5.1181,1.85995,3.70739,0.11418,-1.40863,-7.54622,1.46078,2.66301,0
-4.23274,6.29554,-5.99791,1.93876,2.79749,0.53559,-0.27841,-9.59374,1.49909,3.26948,0
-3.5659,6.53426,-3.2806,-10.6299,1.41093,-7.01884,-8.03195,3.54354,-2.39483,-3.20896,2
-4.22845,5.24744,-4.53032,-9.83569,3.60784,-8.05729,-8.67441,0.89717,-2.89891,-1.57087,2
-2.72802,7.27976,-3.54009,-9.20547,3.91785,-7.59935,-7.5367,1.92367,-2.53021,-4.1708,2
-6.07185,5.81066,-4.10706,3.80205,4.59352,0.80684,-0.51008,-8.70072,1.27335,1.63952,0
6.50862,2.11513,-8.46399,5.32652,3.4723,-2.61611,-4.10633,-5.76852,-5.81671,-7.54525,1
8.30509,2.9024,-7.84299,1.86085,4.48996,-2.53342,-1.64602,-2.48079,-4.22183,-7.33319,1
7.36788,2.69952,-5.84689,3.32205,4.16603,-2.80308,-2.17892,-3.40463,-6.63818,-5.09814,1
8.09631,2.61528,-7.08744,4.76188,4.19688,-4.93352,-3.45844,-3.64576,-6.48951,-7.82487,1
-2.57934,3.61299,-2.28069,-10.37394,3.72517,-8.64562,-7.39799,2.7422,-2.41564,-3.76926,2
8.96345,1.83897,-5.98695,1.31795,4.21774,-3.2236,-2.78808,-2.58097,-3.84749,-7.1435,1
-2.13321,6.25187,-3.42777,-10.27226,3.24545,-8.39807,-6.37827,1.3903,-3.95212,-2.85636,2
9.08553,2.45594,-7.13958,2.62899,3.58864,-3.38808,-3.05752,-4.63725,-5.03447,-6.04052,1
8.75305,1.80804,-5.73869,3.43487,4.47572,-3.41341,-5.0442,-3.21077,-5.68743,-4.62724,1
8.66435,3.5003,-6.80172,2.27843,3.23366,-3.85397,-4.25178,-4.96073,-4.97153,-5.97439,1
8.02076,3.21077,-7.57796,3.75703,5.6566,-2.90168,-2.39336,-4.62295,-6.98733,-7.14632,1
-2.06631,5.97273,-3.79882,-10.60027,1.14164,-8.45218,-8.19222,2.57957,-3.37325,-2.16942,2
-7.49981,6.51787,-5.92274,3.43027,4.48844,1.00001,-0.78962,-9.872,2.42073,1.61703,0
-7.8596,5.51003,-4.18832,2.53163,2.01206,1.07565,-0.49124,-9.3281,1.15955,3.22542,0
-3.12456,5.29828,-4.24239,-10.81291,3.19435,-9.04113,-8.56489,2.47225,-3.39646,-2.74161,2
-5.11403,6.41199,-2.70902,-7.82796,4.20095,-8.15347,-8.22002,3.04211,-2.91791,-4.793,2
-5.70518,6.90394,-4.88996,2.92671,3.44603,2.02999,-1.55929,-9.32251,2.36226,3.43468,0
-4.26391,5.42219,-3.91568,3.50617,4.10658,0.38965,-0.2786,-9.07306,2.32552,3.13377,0
-6.64806,9.28912,-4.42249,1.59305,4.10116,2.66429,0.08434,-11.39096,0.53174,2.86558,0
-2.1373,5.45315,-1.67486,-9.95882,3.58548,-6.56567,-9.92525,3.54512,-1.85489,-3.26884,2
8.58963,2.35132,-6.30901,4.91454,2.16276,-4.25884,-2.57251,-3.31221,-4.89574,-6.41692,1
-1.6206,5.05509,-3.99065,-9.65974,3.46611,-9.28099,-6.90666,2.53838,-1.84014,-4.15798,2
-4.832,4.19949,-3.64998,-8.96831,3.62135,-7.62206,-8.01754,4.1123,-2.62268,-3.16068,2
-5.35556,7.0255,-3.84695,4.71343,5.0704,-0.75289,-0.35074,-9.85365,3.1135,1.77527,0
6.33036,2.98628,-6.70518,4.1992,4.10647,-5.33592,-1.71243,-6.83128,-3.44904,-6.96446,1
-4.82102,5.8499,-2.98338,-10.45906,2.70222,-8.98531,-9.81898,2.98805,-3.4672,-3.92268,2
-3.88058,5.83765,-3.1081,-8.59221,3.42074,-9.27124,-7.69328,3.79444,-4.51302,-2.76978,2
-8.31026,7.39985,-4.95511,2.31839,5.35263,0.22383,-0.07929,-9.79786,2.52545,1.71399,0
7.81736,2.48635,-6.76679,4.73218,4.80749,-5.82414,-2.90846,-2.58683,-6.29989,-4.92663,1
8.2706,2.72348,-8.90013,2.88438,3.32772,-4.09083,-4.90953,-3.05463,-4.89883,-6.59569,1
-5.41244,5.33166,-2.70081,-12.22206,1.83415,-8.88748,-8.67691,0.58792,-1.63898,-5.77026,2
-2.55086,6.80489,-3.79606,-10.05048,1.49504,-8.38746,-6.86464,1.57805,-4.2086,-3.89863,2
-2.16955,5.13677,-4.56535,-10.381,1.50764,-8.83309,-6.94821,2.99372,-1.48301,-3.26733,2
-5.21022,6.95096,-4.17191,2.64271,3.82963,1.71092,-1.05646,-9.82873,0.49109,1.59332,0
-3.4764,7.02965,-2.91443,-7.8607,2.90887,-8.58854,-6.75587,1.46683,-2.69971,-2.59375,2
-3.01833,5.21119,-7.28695,2.39129,4.7789,-1.34771,0.3938,-8.62036,1.19192,2.40199,0
-2.54973,6.4262,-3.26258,-10.11807,4.20837,-8.2686,-8.44248,3.87338,-2.64633,-5.21772,2
-6.97081,5.94232,-4.53673,3.79395,4.41353,1.38287,-1.38335,-8.91779,3.29831,2.37221,0
-4.63068,4.90943,-4.76949,2.60746,5.04605,3.02301,-1.0841,-9.87296,1.52537,2.87189,0
-5.12766,5.53041,-4.13442,-10.65318,2.55897,-9.56476,-7.19807,1.83784,-3.24127,-2.86032,2
8.32939,2.85405,-5.84384,4.37077,3.16192,-3.51802,-3.59169,-3.30593,-6.30746,-7.27162,1
8.47734,3.85928,-7.70403,3.04665,4.67125,-3.88127,-3.86521,-5.93634,-4.32463,-5.03974,1
7.22796,2.84026,-5.68877,3.322,4.37806,-3.79008,-3.25675,-3.44391,-6.72555,-5.62804,1
-3.58649,6.62163,-1.52151,-8.52519,2.32092,-8.49457,-7.54743,2.83231,-2.59138,-1.55039,2
-3.69929,5.78494,-3.42195,-9.6884,3.23106,-8.41761,-7.90065,2.8575,-2.4506,-2.98838,2
9.37625,2.55056,-8.79777,0.97458,4.81086,-1.61689,-2.5592,-3.56893,-4.42303,-4.97491,1
-5.72596,7.75,-3.73702,2.13955,2.17464,0.54949,0.09293,-9.69523,0.27779,2.07303,0
0.03046,5.06744,-0.76864,-11.34288,3.09259,-7.942,-6.53649,3.76553,-2.75827,-1.37526,2
-2.6473,7.08193,-4.74508,-9.89728,4.8495,-7.3822,-8.02924,3.15511,-3.12542,-2.39304,2
-4.98406,4.67063,-3.87434,-0.66228,4.14936,-0.63815,0.81495,-10.65897,2.25475,1.22443,0
10.01426,3.959,-5.22262,4.01291,3.38753,-4.92908,-2.21118,-4.46929,-4.84881,-4.78206,1
8.87986,2.58312,-5.09126,3.71376,1.85557,-4.97017,-3.519,-3.59012,-5.21889,-6.99406,1
8.69496,3.25276,-7.99258,4.55836,3.52451,-3.13451,-4.79585,-7.54659,-6.44833,-4.31177,1
-5.32566,5.88011,-4.52643,2.37322,5.45467,2.07207,-0.15994,-7.79458,2.98644,2.12931,0
-5.89864,6.48451,-5.10072,2.98597,4.65107,0.35767,2.9207,-10.018,1.19623,4.25095,0
-5.16038,7.1357,-5.50362,3.83247,5.12359,0.3503,-1.16899,-8.27859,2.43863,1.33327,0
-4.41884,6.73896,-7.37538,2.81092,4.23842,0.08958,0.47244,-9.79117,0.83779,3.44618,0
-3.40804,4.50491,-4.48248,-8.06591,0.6322,-6.33601,-8.68333,2.16643,-1.99,-3.86161,2
-5.62007,5.63032,-7.06748,2.57899,3.28995,0.98294,-0.75441,-7.95949,2.47972,4.01327,0
-7.89022,5.85604,-5.38242,2.45271,4.28191,0.93472,1.20128,-11.14206,2.44095,1.37717,0
-3.26736,7.26243,-2.81394,-9.72063,3.30903,-6.64173,-9.41353,4.47103,-3.73908,-2.79826,2
8.53955,4.27774,-6.4606,1.40598,4.96666,-4.01581,-3.95682,-4.03019,-5.76403,-7.09759,1
8.85706,2.51181,-6.03445,3.26806,2.33812,-4.08936,-2.49893,-3.781,-6.82634,-5.65718,1
-5.01933,6.05463,-6.37543,1.4582,3.78781,0.94033,0.47577,-8.44166,1.46842,3.09819,0
-4.28133,6.14696,-5.14658,2.52126,3.0438,1.46276,0.0971,-8.85997,2.31149,2.20596,0
8.67199,3.66601,-6.55505,1.86003,2.20786,-4.86157,-3.86837,-4.91624,-4.77057,-5.65547,1
7.5204,1.20744,-6.26837,2.34402,1.57191,-2.09085,-2.75011,-3.5678,-5.63546,-4.48981,1
10.00459,1.65652,-8.55055,1.48061,2.54791,-2.81598,-4.95578,-3.08442,-6.50573,-5.61205,1
7.67721,1.04446,-6.43337,3.44658,4.51012,-3.36798,-4.30997,-6.6879,-5.95902,-6.5958,1
-5.54866,7.04465,-3.26124,3.85122,5.32592,1.41589,-0.41758,-11.58301,2.36821,3.60021,0
7.74946,3.26889,-5.78984,3.1368,1.57913,-3.47063,-1.89006,-3.16809,-5.9904,-6.13413,1
8.02706,2.59242,-5.99681,2.65059,2.19963,-2.63371,-2.57653,-4.80532,-4.13363,-6.70396,1
-3.48141,6.85383,-3.07043,-8.70758,2.12812,-8.43399,-8.02873,2.366,-2.87023,-2.38995,2
-3.35613,5.91625,-2.89424,-9.98048,1.88616,-8.70328,-9.25546,2.33044,-2.82541,-2.69427,2
-1.678,6.54154,-2.24601,-9.7089,3.30921,-7.19712,-7.03537,3.46772,-2.62459,-4.07715,2
-6.5483,7.00392,-4.7035,1.96823,4.02465,2.43989,-1.81256,-8.41275,2.50242,1.58021,0
8.70506,3.42038,-7.54612,3.63816,3.20541,-4.00505,-5.29633,-2.51978,-5.29877,-5.70798,1
-2.15778,6.19418,-2.32688,-9.4289,1.81412,-5.25383,-6.51387,1.61966,-5.7868,-3.10124,2
7.70808,3.5013,-6.82697,4.60606,3.66243,-1.65682,-2.38103,-3.78935,-4.54483,-6.87335,1
-4.18205,7.30641,-4.175,1.91004,3.40425,0.96947,-0.84645,-8.08794,1.76506,3.14917,0
-6.78831,6.67654,-4.85549,5.2894,2.35368,0.4733,-0.78941,-9.60274,1.38299,2.70373,0
-3.81762,4.71939,-4.73763,2.08839,2.37905,-0.63286,-1.69628,-8.37971,2.89589,3.83979,0
-7.07696,4.14165,-4.38743,2.58519,6.03981,0.07312,-0.1599,-9.83292,2.56774,1.23722,0
-3.08075,6.51201,-3.93597,4.46649,4.48945,0.9148,-0.7411,-10.38835,2.37139,2.55542,0
-3.2404,6.23586,-2.44131,-9.87876,3.00298,-8.03743,-7.47175,3.326,-3.45096,-3.18834,2
9.63427,3.13583,-6.08461,2.70246,4.25752,-4.08567,-3.64898,-3.02533,-5.76058,-5.11937,1
9.42581,3.78985,-7.53245,3.7241,3.60285,-3.21074,-2.93994,-4.014,-6.33981,-5.52332,1
-5.16043,6.33108,-5.47712,2.85026,5.03181,0.99067,1.34065,-8.83012,1.33009,2.71924,0
-5.43758,6.7274,-3.14435,3.26541,5.04528,0.07353,0.38214,-11.00556,0.25065,2.47757,0
8.20815,4.82615,-7.32058,4.07266,4.18772,-3.43637,-3.44831,-2.15462,-6.35781,-5.9988,1
-2.56772,6.44605,-3.95467,-10.07526,2.45593,-9.05125,-8.78156,-0.14981,-1.91638,-5.00809,2
-3.48355,6.88763,-2.98852,-9.55312,1.9665,-9.33211,-9.58737,3.35247,-3.12797,-3.29953,2
-4.1259,4.77882,-5.29617,3.39107,6.09355,2.25053,-0.32161,-8.33365,1.62318,3.55175,0
10.07362,1.88987,-7.72435,2.97299,4.35387,-1.89051,-4.07441,-3.10252,-5.36634,-5.8477,1
8.78568,1.70481,-7.47048,4.30122,3.66609,-3.99708,-3.17845,-3.87506,-5.21073,-5.17719,1
-2.44667,6.07641,-4.79747,-8.80566,1.91577,-9.10229,-8.69447,3.93038,-1.68756,-2.97554,2
9.37043,2.09604,-6.58657,3.13168,3.1159,-4.62748,-3.7481,-3.77572,-5.80457,-5.45338,1
-2.35315,5.47229,-4.4387,-9.34094,2.44816,-8.7262,-6.78024,2.70392,-3.88471,-3.41854,2
-2.11836,7.09476,-4.08191,-9.69313,2.79763,-9.55675,-6.54335,2.59906,-2.84524,-3.9401,2
-5.1636,6.96829,-4.48349,2.66595,4.79624,3.24624,-0.25221,-9.15318,0.56462,4.62772,0
-3.5296,4.254,-4.03495,-10.37314,3.27189,-8.47323,-7.77044,5.15638,-2.77556,-3.0675,2
8.55563,2.22835,-4.94417,3.25968,4.61145,-3.30355,-2.0228,-3.64014,-6.93232,-6.16873,1
-1.65443,5.07545,-3.60056,-10.17875,3.76719,-8.11931,-10.59361,0.5643,-2.29997,-2.58902,2
-4.41854,6.24998,-6.37247,2.11984,2.86594,0.8399,-1.45673,-11.30672,3.87021,2.02794,0
-4.84756,5.93306,-6.09325,3.29481,5.18079,0.72587,0.10501,-10.06061,2.91007,3.09009,0
-3.44621,6.0297,-2.28372,-10.87042,1.905,-9.25042,-8.79409,4.17556,-2.02707,-3.58653,2
-1.79435,4.42354,-4.45367,-9.09873,4.85842,-8.29195,-6.64688,2.89129,-3.03066,-3.4462,2
-4.15938,6.37554,-1.82949,-10.16909,2.54044,-8.81306,-8.94941,3.72856,-2.40075,-4.3461,2
6.2323,2.81276,-6.76111,4.12433,2.92436,-4.16028,-4.02516,-6.95435,-6.93392,-5.93135,1
9.37694,2.52786,-7.07187,2.73566,3.69478,-3.67049,-4.20296,-3.51941,-4.95674,-5.87605,1
-4.67325,6.38426,-5.55794,4.7208,3.90906,0.39905,0.60825,-10.08156,2.10945,1.99096,0
7.78948,3.05802,-5.79252,3.81413,2.86183,-4.84589,-4.74467,-3.99651,-5.85066,-4.82115,1
9.33178,3.18668,-8.79968,3.69785,2.50891,-3.8997,-3.12366,-5.59798,-5.38764,-5.67643,1
-5.87908,6.73173,-4.78174,2.63796,2.95479,0.55071,0.05321,-10.02809,1.4754,2.2874,0
11.2019,1.82578,-6.8958,5.03434,4.37394,-3.258,-2.70419,-3.28211,-3.29219,-7.58449,1
-4.69952,5.6152,-3.16351,-8.24764,2.15124,-8.30419,-8.6565,1.33799,-3.31168,-2.50449,2
6.63313,3.46146,-6.33194,4.25465,4.1233,-3.32246,-3.94314,-4.14526,-5.73345,-5.59258,1
-6.10554,5.66119,-4.59658,3.08306,4.10115,0.96584,0.13239,-11.39238,2.14644,1.97929,0
7.68681,3.32417,-4.88384,2.45905,4.68983,-2.68895,-2.51664,-3.53599,-4.12517,-4.69047,1
-2.04646,5.04727,-3.75528,-10.10526,3.77676,-9.18082,-8.4004,2.96423,-4.08229,-3.42253,2
-6.50664,5.88254,-3.91026,3.44516,3.30487,0.81704,-0.98787,-9.17549,4.23828,3.87154,0
-4.20208,5.90826,-7.13633,0.83808,3.45419,0.36731,1.0621,-9.40042,1.32397,2.15152,0
-5.39718,5.69273,-5.53537,2.55295,4.01577,0.86234,-0.42313,-9.10802,1.794,4.74109,0
8.15051,4.62588,-7.40226,3.76869,3.82054,-2.81512,-3.26004,-2.91418,-6.54016,-5.88105,1
8.70684,3.06325,-6.87577,2.85598,1.84582,-3.47273,-0.86364,-4.24321,-5.35756,-4.51836,1
-1.48494,7.07737,-3.60084,-9.18529,1.60183,-6.17279,-8.96404,3.58792,-4.52519,-3.85185,2
-6.42662,8.0776,-5.12427,4.1553,2.3241,0.13871,-1.17194,-11.70209,2.14245,2.16317,0
-5.66055,6.39365,-5.35585,2.32764,2.05969,1.1849,-0.35456,-11.00023,1.76286,2.48851,0
-1.4268,7.14929,-3.29154,-11.48964,2.82854,-6.53861,-8.44381,0.85549,-1.4047,-3.82877,2
-5.46844,7.19016,-3.9042,3.90989,2.57899,1.26271,0.74261,-8.68386,2.19637,2.45682,0
-5.18206,5.59839,-4.19427,2.82831,4.07332,2.45747,-1.87064,-9.2292,0.9157,0.86391,0
-2.4504,5.7861,-3.61423,-9.20531,2.23148,-7.84143,-7.29359,3.79146,-4.00444,-3.90951,2
7.91205,2.36328,-5.81177,4.83268,4.42183,-2.35747,-4.75862,-5.13068,-5.93646,-5.73606,1
-3.3845,5.04831,-3.85304,-8.41805,3.55848,-7.91446,-7.62663,2.72127,-4.07144,-2.46457,2
9.22601,2.31566,-5.7479,2.92078,1.79357,-1.9357,-3.11241,-2.37992,-6.75982,-5.85677,1
8.88726,2.86985,-7.48014,2.44728,4.36479,-1.55855,-4.38442,-4.26587,-4.83269,-5.09656,1
-3.7939,4.95815,-4.99714,-10.24953,1.4843,-7.12506,-7.38423,1.80111,-2.77764,-5.39072,2
7.44561,3.85048,-8.47938,3.00022,1.34588,-3.48604,-2.50334,-3.34422,-5.26295,-5.84147,1
9.25764,3.32431,-5.96312,2.38441,3.19596,-2.78477,-5.30362,-3.56,-6.44851,-4.22246,1
8.19464,2.87593,-6.15703,2.9179,4.23407,-3.06056,-3.4744,-3.29986,-7.01091,-6.90305,1
-4.49444,6.76611,-3.40442,0.45307,2.79056,0.57575,-0.07319,-9.62765,1.11006,2.21464,0
-3.77946,6.64834,-4.30095,-8.90038,2.93379,-10.54652,-7.9688,1.95189,-2.90258,-3.39007,2
-2.38379,6.41753,-0.99555,-8.87049,3.22684,-10.30285,-9.51462,4.88561,-1.97704,-3.13727,2
-7.2516,5.02373,-4.34256,3.52019,3.27747,0.10187,0.623,-7.04283,2.8017,3.10771,0
-2.97745,4.62996,-3.6196,-10.88719,1.96758,-8.2366,-10.37226,4.47353,-4.63103,-5.00329,2
-5.50502,5.79947,-5.05376,2.62874,4.56915,0.02771,2.30842,-8.83137,0.14227,2.30933,0
-5.13164,5.06683,-4.70012,2.08024,3.14826,0.05723,-0.09971,-7.2905,2.09596,3.51262,0
-6.77243,5.35127,-5.37535,1.62119,4.95903,2.4184,-0.00296,-9.87684,2.85485,2.27017,0
-3.06275,6.75295,-1.38491,-11.25168,0.66957,-9.91356,-6.80701,3.50466,-4.31663,-1.70451,2
9.58317,2.48262,-7.1253,4.03568,3.65334,-5.69848,-2.61857,-3.40659,-6.2104,-6.29317,1
-7.38631,6.87528,-5.01722,2.04303,4.69858,-0.34962,-0.58795,-9.22729,1.02791,3.06191,0
8.31287,2.15155,-7.33915,4.20718,3.24405,-3.49204,-4.69432,-2.31166,-6.41798,-7.90289,1
8.13878,2.19891,-6.24829,3.52636,4.18677,-1.81679,-4.69408,-3.88101,-5.63691,-4.50235,1
-4.92055,5.81692,-6.14358,1.54214,3.52611,1.49173,-0.46751,-7.88394,2.05098,3.10693,0
-3.52797,7.46151,-3.93989,-9.74314,1.31431,-8.33265,-7.02057,3.75865,-2.30295,-2.83415,2
9.05604,2.945,-6.66599,3.38874,5.47285,-2.70354,-3.4264,-1.47571,-4.13363,-5.06458,1
-5.57162,6.84722,-5.99999,2.95197,3.54655,-0.31287,-0.39437,-8.4542,3.09623,2.17564,0
-5.38811,5.07063,-4.93774,2.19499,2.57633,1.65267,0.39125,-10.0566,2.13925,4.15254,0
9.82654,3.59272,-5.97107,4.41527,2.33251,-2.52466,-5.0337,-5.22554,-4.58327,-4.80075,1
-2.33999,6.33396,-4.32469,-8.67221,2.39405,-8.66936,-7.89693,4.11186,-1.98173,-1.25409,2
-5.00731,6.6195,-4.18324,3.1183,3.14707,0.61451,-0.99154,-8.64701,2.59106,1.6734,0
-3.02114,6.89803,-6.27706,2.96401,4.43898,1.73239,0.85638,-9.15826,3.28252,3.68787,0
-1.77791,6.17451,-3.63287,-9.52729,3.74391,-8.01144,-8.23722,2.93696,-4.71256,-3.21084,2
-3.82359,7.29282,-4.22517,2.88616,1.4131,1.17353,-2.22382,-8.39089,-0.31121,1.43543,0
-6.06414,7.43658,-6.66598,2.87534,4.48455,1.44464,-1.57105,-8.80975,1.13849,3.41075,0
-4.87488,3.96739,-5.0664,4.05933,5.23469,1.53883,0.75395,-7.5403,2.58466,3.4829,0
-5.98064,6.52555,-4.81041,2.10875,5.50883,-0.65443,0.06138,-9.4826,1.43844,4.56502,0
-5.11999,5.52379,-3.7914,3.56648,2.05974,1.59618,-1.37355,-10.2527,2.18175,1.99513,0
-3.95033,4.48095,-2.84981,-10.19089,2.01143,-9.33767,-6.72163,2.17915,-3.36278,-3.75967,2
-2.54313,8.02165,-2.53668,-7.75281,2.71112,-8.32841,-8.1299,3.144,-3.5354,-1.92693,2
-3.61994,7.09787,-3.78289,1.79727,3.36391,-0.23985,-1.83245,-8.31817,0.34095,0.28412,0
7.41755,2.28027,-5.60604,3.34574,3.78046,-2.62673,-3.0711,-5.07427,-4.10523,-5.67285,1
-4.17146,4.51245,-5.16064,3.76773,5.50556,0.34047,-0.45297,-8.85827,1.65508,3.94224,0
-3.74796,5.07758,-3.14392,-10.14748,1.49862,-9.4184,-8.83482,2.86243,-2.46742,-3.15976,2
-3.62734,6.885,-3.5994,-9.80483,2.0745,-10.2015,-6.85945,3.0006,-2.82426,-2.7811,2
-3.39384,6.40468,-2.29499,-9.95892,1.13024,-9.06767,-8.04396,2.63353,-4.34437,-2.97918,2
8.55104,3.88542,-6.67763,4.78676,2.44161,-3.06249,-4.55036,-2.61248,-6.43305,-6.51326,1
-2.61324,7.6206,-2.26774,-9.10321,3.58613,-6.86572,-8.31904,2.86823,-3.51258,-1.22934,2
-6.37064,5.71696,-4.03719,3.5991,3.90474,0.71975,-1.08805,-11.79695,1.95839,3.96718,0
-4.08653,5.3166,-3.73621,-9.17806,2.26985,-9.55395,-7.44222,2.14623,-2.16325,-2.61984,2
-5.30224,7.01498,-5.9024,2.04802,3.30344,1.35158,-1.08693,-9.53157,2.39092,3.1201,0
7.38831,1.9322,-6.74019,2.37287,2.4579,-2.9329,-4.73157,-3.21505,-7.04113,-5.37601,1
6.66056,2.02409,-7.92402,2.34703,5.28288,-3.98455,-3.33048,-3.02681,-4.1117,-3.09528,1
-6.33257,5.13081,-3.28467,2.42521,3.32142,0.51177,-0.50634,-10.68681,2.83496,4.02693,0
9.37937,3.39507,-6.43113,3.81836,3.34707,-3.26161,-4.39354,-4.01711,-4.74608,-6.97988,1
8.46165,3.35997,-8.19302,2.9227,1.98975,-2.93306,-4.79072,-3.63675,-4.73609,-5.75227,1
8.06586,2.3292,-6.23396,4.59822,1.92044,-2.27458,-3.27596,-4.52245,-4.63733,-5.93858,1
7.40621,4.03446,-6.71561,2.51727,4.35927,-3.03863,-4.93701,-2.08752,-5.61414,-6.20615,1
-3.96615,3.73182,-4.02729,-11.10325,4.08291,-8.35674,-8.8961,2.22219,-1.19744,-1.24248,2
-4.71482,7.04229,-3.08743,3.65507,4.26974,0.98936,-1.80896,-7.83742,1.10035,2.88358,0
-2.79111,6.91126,-3.14471,-9.85155,3.7996,-8.75567,-9.36701,2.78875,-4.13739,-2.27057,2
-2.37067,4.70433,-2.08227,-9.94069,2.33608,-7.36947,-7.18545,2.2948,-2.46509,-2.14136,2
-7.33678,6.41843,-4.1474,2.44893,2.47269,0.02438,-1.36047,-7.76554,2.76827,2.05444,0
10.48558,3.25401,-7.43178,4.26067,3.78681,-2.44335,-4.34629,-4.01424,-4.55902,-5.40278,1
-4.76429,7.42669,-5.16755,1.98187,3.69673,1.70594,0.99219,-8.91832,0.18713,3.72106,0
-4.85929,6.99033,-4.27296,3.11699,3.84225,2.06261,1.77667,-9.63349,1.38274,1.73976,0
-4.17621,6.17511,-6.21412,2.06395,4.1757,1.01433,0.47157,-8.7301,2.63876,2.60906,0
9.20597,3.29851,-7.04064,2.60756,4.47724,-4.66764,-3.40375,-4.35118,-4.93299,-5.19391,1
-2.58336,5.51766,-3.95457,-10.68753,4.20925,-8.02876,-7.09976,3.17967,-3.22838,-2.34876,2
-4.44096,5.02561,-4.65288,2.75516,4.22024,2.17675,-0.87123,-9.75949,1.68148,2.93519,0
-3.33549,6.50778,-6.04119,4.07544,6.22367,1.64362,-0.19986,-9.34012,2.13531,1.9096,0
-4.62056,6.17044,-4.46564,3.37689,3.55801,0.45876,-0.52445,-10.22477,0.87839,2.96407,0
-2.55335,6.31621,-3.77532,-8.60337,3.8225,-8.67468,-7.13008,2.08256,-1.28065,-1.72034,2
8.58127,2.35123,-7.1012,3.91778,3.08662,-4.39341,-3.69231,-4.84255,-4.41422,-4.96696,1
9.60575,2.32722,-5.63806,3.10539,2.96318,-3.76467,-4.8278,-6.98167,-5.37923,-5.88033,1
-4.94797,6.33708,-4.7864,2.41105,5.70698,0.94423,-0.09465,-9.0766,1.73172,3.86465,0
-3.44635,4.65766,-2.21627,-10.73405,2.79722,-10.24536,-6.4149,1.83754,-0.64879,-2.1028,2
-3.84731,3.3246,-3.87245,2.67042,3.51749,2.03423,-0.29772,-9.80433,3.15359,3.87139,0
9.0451,2.88027,-4.84455,1.99814,2.11585,-3.50704,-5.73723,-1.52424,-6.90192,-5.71653,1
7.74223,2.11593,-4.8895,3.6726,6.08566,-3.74692,-4.38997,-2.87634,-5.84679,-7.06403,1
8.77967,1.75683,-8.02152,3.69632,4.84275,-2.34087,-2.23061,-4.85278,-4.66945,-6.91256,1
-2.27046,5.29652,-4.16285,-9.61611,1.69678,-7.04936,-8.31866,4.32292,-3.70119,-3.48726,2
-5.39716,6.23472,-4.17186,1.2248,4.01869,0.90389,-0.89183,-8.90151,2.0517,-0.35357,0
-2.15772,4.43979,-3.94433,-10.78512,2.59971,-7.55351,-8.7368,2.60656,-3.39498,-3.85357,2
8.12725,2.94265,-7.26263,2.4909,0.50685,-3.36397,-4.04798,-4.87997,-6.32211,-5.91022,1
-4.87314,5.36244,-5.72151,4.12426,5.42922,2.72425,-1.71399,-10.12603,1.53773,2.58952,0
8.10749,4.26461,-6.8539,3.79065,4.08242,-3.29172,-4.07792,-2.96609,-4.77818,-5.33425,1
-4.03772,6.76542,-4.41782,2.24728,3.36781,0.91694,1.97402,-9.0237,2.56716,1.65894,0
