FILE_NAME:,
name=,core-1120220628043754.csv,
BASIC_SAVEFILE_INFO:,
,core_save_id,core_aim,core_no,year,month,day,hour,minute,sec,
core_save_id,1120220628043754,1,1,2022,06,28,04,37,54,
BASIC_NETWORK_INFO:,net_info_category,no_of_input_neuron,no_of_output_neuron,
,net_info_category,27,2,
DATA_LABEL_AND_OUTPUT_NEURON_INDEX:,
[data_label~output_neuron_index],100~0,200~1,
PATH_INFO:,
no_of_path=,151,
path_id,w0,w1,w2,w3,w4,w5,w6,w7,w8,w9,w10,w11,w12,w13,w14,w15,w16,w17,w18,w19,w20,w21,w22,w23,w24,w25,w26,input_neuron_id,output_neuron_id
0,8.82588,-13.7751,7.63417,-72.0852,-13.7709,21.4511,-17.2336,-34.0616,-55.1351,-2.7207,-25.0435,-11.378,21.9084,20.7157,-3.65934,16.5737,-19.7633,46.5997,-17.6659,13.7419,53.2319,31.2017,-31.6574,-47.891,51.298,-53.774,-16.0596,[|0|1|2|3|4|5|6|7|8|9|10|11|12|13|14|15|16|17|18|19|20|21|22|23|24|25|26|],0,
1,1.86414,-6.3721,-9.94303,11.3428,5.21705,5.80372,4.4719,9.49564,18.9959,-4.13754,0.398349,32.9372,25.4286,-26.622,-1.64923,-14.4187,6.11982,-11.5077,-3.68228,13.829,0.0697023,11.5013,6.22689,4.92901,16.0667,-43.8403,4.94995,[|0|1|2|3|4|5|6|7|8|9|10|11|12|13|14|15|16|17|18|19|20|21|22|23|24|25|26|],1,
2,-3.58459,4.68828,-11.3913,-14.6812,0.097532,4.92677,12.4876,-7.87835,-13.2611,-6.05461,6.87199,-22.8992,-9.27284,11.1546,-7.62468,-2.39777,-4.12255,13.3734,-4.33102,5.9326,14.7899,-5.45059,4.69908,-8.78514,-30.8205,20.0362,-4.90334,[|0|1|2|3|4|5|6|7|8|9|10|11|12|13|14|15|16|17|18|19|20|21|22|23|24|25|26|],0,
3,-0.27096,-0.41966,-0.261791,-0.890806,0.238784,0.361002,0.414043,0.155892,0.533174,-0.204686,0.524325,0.650438,-0.0697413,-0.187448,0.452622,-0.242967,0.376307,0.300238,0,0,0,0,0,0,0,0,0,[|0|1|2|3|4|5|6|7|8|9|10|11|12|13|14|15|16|17|18|19|20|21|22|23|24|25|26|],1,
4,0.987092,2.09149,0.646502,-0.657681,-0.783251,0.0761709,-1.03816,-0.169974,0.806779,-0.398678,0.804317,0.492867,-1.60511,0.0843767,0.809394,-0.327079,0.3186,0,0,0,0,0,0,0,0,0,0,[|0|1|2|3|4|5|6|7|8|9|10|11|12|13|14|15|16|17|18|19|20|21|22|23|24|25|26|],1,
5,4.33483,3.81157,4.9487,12.6126,1.27761,-13.8196,-9.547,16.6668,2.80694,-0.0795077,7.33678,-1.59374,1.944,-1.63455,-4.45172,10.5415,-3.68141,0.627003,-10.1384,0.389731,9.53066,-8.90978,10.0622,12.1854,-36.7389,4.84108,-0.514499,[|0|1|2|3|4|5|6|7|8|9|10|11|12|13|14|15|16|17|18|19|20|21|22|23|24|25|26|],1,
6,16.7635,27.4423,127.044,-118.01,-5.79092,96.8378,-11.6439,103.526,-109.531,-44.4378,157.271,-158.69,-155.719,50.778,-7.82926,94.7278,16.6339,21.24,-41.651,-27.1168,60.7202,19.6535,-27.1364,-12.0381,-43.1865,0.329331,-0.0963377,[|0|1|2|3|4|5|6|7|8|9|10|11|12|13|14|15|16|17|18|19|20|21|22|23|24|25|26|],0,
7,-0.88703,-3.19911,23.7387,3.48045,10.797,12.8273,-30.1087,0.949092,12.6409,24.7971,2.08759,32.6061,14.1394,-18.3464,-3.62891,-16.8918,3.53834,-15.941,-1.61373,3.47428,3.59842,16.8871,-0.398351,2.55797,0.240705,-18.5505,-0.254338,[|0|1|2|3|4|5|6|7|8|9|10|11|12|13|14|15|16|17|18|19|20|21|22|23|24|25|26|],1,
8,9.49203,22.6717,38.6121,-28.8203,-13.641,-14.4234,-15.3144,-58.9686,-64.136,4.68601,-15.0267,2.44993,-21.9808,-32.9318,-32.2228,-3.6882,-24.4951,115.615,-25.0347,-1.90842,16.6135,-24.8825,-29.1901,-70.7247,-32.2312,55.314,-17.4216,[|0|1|2|3|4|5|6|7|8|9|10|11|12|13|14|15|16|17|18|19|20|21|22|23|24|25|26|],0,
9,-21.4905,-12.0438,18.6184,-119.628,-25.8618,-6.89957,-5.94656,-0.968323,-89.5426,14.602,-74.0642,-13.5119,40.5115,4.50263,-9.85316,24.3543,-15.5833,23.6617,4.41297,8.15623,61.0763,-28.1086,-35.3696,9.981,-53.7989,36.2884,-15.0898,[|0|1|2|3|4|5|6|7|8|9|10|11|12|13|14|15|16|17|18|19|20|21|22|23|24|25|26|],0,
10,-0.39383,3.96898,-0.110509,-14.6853,2.24257,4.8834,-4.90656,4.51152,-9.18888,-0.783243,6.24401,8.20555,-7.16503,-0.125369,2.61212,0.209779,-3.66079,-6.78029,2.54133,-1.1091,0.516177,-1.79433,1.32748,7.05087,-8.00009,2.49393,-4.9078,[|0|1|2|3|4|5|6|7|8|9|10|11|12|13|14|15|16|17|18|19|20|21|22|23|24|25|26|],0,
11,-291.514,246.167,-132.362,23.8142,-12.3033,-102.903,102.777,-193.012,-182.501,-281.701,310.402,-80.5441,-127.89,245.695,97.0399,-584.729,157.245,-28.9639,101.262,27.7429,-370.19,-126.731,128.983,386.36,251.788,0.00914091,-235.228,[|0|1|2|3|4|5|6|7|8|9|10|11|12|13|14|15|16|17|18|19|20|21|22|23|24|25|26|],0,
12,2.60922,3.42309,-6.18958,-7.28402,1.36706,1.27405,6.71912,-5.89325,-1.55564,-0.121157,0.862606,-5.75976,-1.59719,2.35418,0.0627478,-0.605352,-2.10952,3.5707,0.470639,1.334,3.49932,2.83275,1.06049,-6.06499,2.08305,-0.415733,2.26639,[|0|1|2|3|4|5|6|7|8|9|10|11|12|13|14|15|16|17|18|19|20|21|22|23|24|25|26|],0,
13,-0.69736,-2.86319,1.47842,-2.06884,-0.656842,0.956117,0.393558,2.55461,-0.30628,-2.45299,0.119762,0.807292,-2.07367,0.554346,-2.28416,5.08285,3.75388,-6.47463,-2.50493,3.59712,-5.55424,0.704316,-3.56611,4.01603,5.69951,-0.114686,0.390806,[|0|1|2|3|4|5|6|7|8|9|10|11|12|13|14|15|16|17|18|19|20|21|22|23|24|25|26|],0,
14,10.7348,-1.03613,8.31532,1.97503,7.36558,-9.83846,-2.40461,15.5133,32.7922,5.43181,-2.60224,9.0178,12.85,-10.5446,-10.007,-5.59417,-7.83609,15.1288,2.92208,6.0087,4.02164,1.83772,-3.20738,-14.4952,3.2474,-16.8499,-2.46145,[|0|1|2|3|4|5|6|7|8|9|10|11|12|13|14|15|16|17|18|19|20|21|22|23|24|25|26|],1,
15,5.86619,3.96056,-1.75513,-7.66921,-1.35097,0.0320283,2.75707,-5.14913,-3.46951,-3.3162,-12.8153,4.74011,3.77272,0.151767,-0.290879,-0.657069,2.5916,-3.64552,-1.44825,-1.78933,0.738072,-0.320503,-1.72381,0.31972,4.65591,4.9942,1.84721,[|0|1|2|3|4|5|6|7|8|9|10|11|12|13|14|15|16|17|18|19|20|21|22|23|24|25|26|],0,
16,6.18109,-3.26815,3.334,-69.0499,-3.20241,10.7775,6.54314,15.8627,-12.2851,-9.27949,-9.9534,16.2392,13.5853,5.71505,-2.81157,13.5171,4.46215,-8.65292,3.2525,2.47257,10.7334,-2.07077,10.8516,3.10112,-14.09,21.4674,-5.56989,[|0|1|2|3|4|5|6|7|8|9|10|11|12|13|14|15|16|17|18|19|20|21|22|23|24|25|26|],0,
17,3.6308,-81.8276,341.054,90.8025,25.3305,45.8662,-197.84,-38.4385,-14.9645,70.1713,-8.78963,69.7947,56.4608,-73.0977,-59.6711,33.7425,-42.7379,19.3786,47.9197,-39.2575,-105.005,-110.318,-175.902,53.9877,219.332,-182.56,116.628,[|0|1|2|3|4|5|6|7|8|9|10|11|12|13|14|15|16|17|18|19|20|21|22|23|24|25|26|],1,
18,4.23167,-21.2085,93.8267,218.4,21.6753,24.9592,-74.7981,35.413,102.21,-4.06245,109.171,-36.7789,-122.544,-60.7012,8.3017,-52.6224,4.39424,-46.9604,43.3804,-0.760899,-89.6694,5.74659,21.6036,-19.1597,109.28,-60.9249,22.9279,[|0|1|2|3|4|5|6|7|8|9|10|11|12|13|14|15|16|17|18|19|20|21|22|23|24|25|26|],1,
19,1.45056,-1.41506,-0.842489,4.50442,2.21648,1.91299,-0.911923,0.274766,3.26087,-0.0585376,0.495892,2.63089,-1.19896,-2.79483,0.00676379,-1.97953,-0.572378,0.52136,-0.311692,0.799568,0.291368,0.396178,0.263082,-3.42478,1.1186,-2.82567,1.33391,[|0|1|2|3|4|5|6|7|8|9|10|11|12|13|14|15|16|17|18|19|20|21|22|23|24|25|26|],1,
20,-2.25891,3.56803,10.2913,5.81694,3.50026,1.72729,-8.52363,4.37708,6.5384,5.3812,1.06538,9.9256,3.61219,-5.2791,-4.23338,-6.77196,2.97197,-6.82311,-0.706184,-0.879333,-1.39623,3.76559,0.838863,3.84557,7.26133,-11.1491,1.07213,[|0|1|2|3|4|5|6|7|8|9|10|11|12|13|14|15|16|17|18|19|20|21|22|23|24|25|26|],1,
21,-3.25616,0.108204,-2.47888,0.543816,1.13116,-3.31973,1.67545,0.513102,-0.677571,0.723265,-0.975957,-2.05938,1.26594,0.7152,-3.29296,2.45513,1.66917,-2.84521,0,0,0,0,0,0,0,0,0,[|0|1|2|3|4|5|6|7|8|9|10|11|12|13|14|15|16|17|18|19|20|21|22|23|24|25|26|],0,
22,-0.524103,0.0440687,-1.15031,1.05915,1.22605,0.260941,0.952106,-3.65334,0.466082,0.99521,2.439,-1.88082,-1.29659,-0.3679,-1.54516,-1.612,0.740041,-0.536073,-0.0502942,0.796815,-0.760524,1.09869,0.251542,0.425188,-0.125809,-0.135959,-0.398827,[|0|1|2|3|4|5|6|7|8|9|10|11|12|13|14|15|16|17|18|19|20|21|22|23|24|25|26|],1,
23,0.576945,-0.28467,1.30919,0.781701,-0.246492,0.322349,-1.28663,0.0221123,0.640463,0.195236,-0.0921207,0.786839,-0.0736405,-0.57091,0.325956,-0.716978,-0.406689,0.362079,0.00643743,0,0,0,0,0,0,0,0,[|0|1|2|3|4|5|6|7|8|9|10|11|12|13|14|15|16|17|18|19|20|21|22|23|24|25|26|],1,
24,-0.240836,0.00783701,0.297172,0.542054,0.0127169,-1.36781,-0.129047,-1.3704,0.610261,-0.0549499,0.390134,-0.982706,0.712656,0.604585,-0.462039,-0.957074,0.907539,0.228549,-0.163482,0.242345,0.00412823,0.529533,-0.128284,-0.105529,-0.578011,0.798833,-0.129817,[|0|1|2|3|4|5|6|7|8|9|10|11|12|13|14|15|16|17|18|19|20|21|22|23|24|25|26|],1,
25,11.3364,-18.6853,-8.68889,-0.84304,6.42744,11.9379,-7.15373,-6.95985,-4.19441,-6.98563,3.39642,-10.7158,33.9801,7.67469,-3.40234,15.267,-4.70931,14.1066,-6.46037,28.4282,-6.19423,0.616602,-21.903,-10.0022,-10.2766,-35.1629,-5.02766,[|0|1|2|3|4|5|6|7|8|9|10|11|12|13|14|15|16|17|18|19|20|21|22|23|24|25|26|],1,
26,-15.1849,8.12534,-15.5755,-16.69,-12.9025,-6.65161,-4.20942,-33.7547,-51.368,2.71489,-28.3137,-5.53198,30.9089,46.0433,-4.21832,1.23621,-2.57983,-19.7257,-4.46076,5.23412,-17.3889,34.7152,-19.5673,-28.4148,7.99978,38.8861,-16.7875,[|0|1|2|3|4|5|6|7|8|9|10|11|12|13|14|15|16|17|18|19|20|21|22|23|24|25|26|],0,
27,-0.149603,0.898397,-0.343442,-0.0570707,-0.141391,-0.508383,0.244463,-0.61224,-0.290662,-0.155355,-1.03532,-0.436953,0.906847,0.457977,0.274996,0.27419,0.70057,-0.325403,-0.662024,-0.391599,0.855459,-0.226539,0.238155,0.373031,0,0,0,[|0|1|2|3|4|5|6|7|8|9|10|11|12|13|14|15|16|17|18|19|20|21|22|23|24|25|26|],0,
28,40.0543,-108.801,6.10352,-169.708,56.0705,143.289,18.1845,-72.6239,-159.954,-27.2883,11.4974,-41.2695,20.3222,10.4878,27.4973,310.908,-90.5044,115.804,-32.372,12.1111,-79.5024,19.233,-217.053,-52.9141,176.221,-89.5202,29.5028,[|0|1|2|3|4|5|6|7|8|9|10|11|12|13|14|15|16|17|18|19|20|21|22|23|24|25|26|],0,
29,1.33061,-0.53704,0.807634,-6.0554,2.75199,1.75839,0.528229,-0.484743,-3.66741,-0.0518912,1.08577,-2.96194,3.35773,1.28699,-2.81984,2.00481,-4.15043,10.3341,-2.38335,2.51449,1.09401,-2.11128,-1.77517,-6.98113,0.261227,-1.04856,0.478494,[|0|1|2|3|4|5|6|7|8|9|10|11|12|13|14|15|16|17|18|19|20|21|22|23|24|25|26|],0,
30,-1.46097,3.00719,-2.93832,-7.52805,2.46455,4.31309,3.9453,0.172119,0.192741,1.60798,0.348598,-2.89831,7.09833,3.34387,-2.48534,-4.28554,2.07319,-5.77113,1.53569,0.691092,-3.63551,1.60988,4.87886,4.18021,0.883914,-4.27309,-0.194101,[|0|1|2|3|4|5|6|7|8|9|10|11|12|13|14|15|16|17|18|19|20|21|22|23|24|25|26|],1,
31,-0.165191,0.615602,0.146029,-0.595787,1.60937,0.887608,-1.0794,-2.87388,2.84436,2.91529,0.449876,1.95023,2.03188,-1.11845,-2.04586,0.922634,2.63336,-0.586739,-1.38018,0.77194,0.781406,0.199324,-0.516267,-2.09093,0,0,0,[|0|1|2|3|4|5|6|7|8|9|10|11|12|13|14|15|16|17|18|19|20|21|22|23|24|25|26|],0,
32,1.21628,-7.22248,15.4311,-16.0903,7.44135,10.797,-13.3079,-0.419407,-5.49583,1.6673,-1.49161,2.96668,3.35142,2.47488,-2.69945,-8.15,1.36482,-4.90777,1.74238,9.55328,0.546775,0.594972,7.67124,-2.63194,-1.80633,6.03634,-4.12245,[|0|1|2|3|4|5|6|7|8|9|10|11|12|13|14|15|16|17|18|19|20|21|22|23|24|25|26|],0,
33,-0.224102,0.126128,0.0278439,0.175362,-0.342651,0.125347,-0.249342,0.458727,-0.775124,-0.304949,-0.695914,-0.282157,0.211255,0.452391,0.500313,-0.242865,1.48,-2.52207,-0.285111,-0.464584,0.260927,1.06612,-0.039171,1.00836,-1.22494,1.00022,0,[|0|1|2|3|4|5|6|7|8|9|10|11|12|13|14|15|16|17|18|19|20|21|22|23|24|25|26|],0,
34,2.8979,0.82013,0.529735,-5.18793,-0.904268,-4.94154,1.63782,-0.384123,-8.1165,3.35668,-6.54623,-1.20941,1.27476,-4.09362,0.242179,4.72796,1.70577,1.9064,-5.91999,3.35218,1.28708,-0.544737,-9.042,-2.56977,8.37993,-8.71038,1.94655,[|0|1|2|3|4|5|6|7|8|9|10|11|12|13|14|15|16|17|18|19|20|21|22|23|24|25|26|],0,
35,-0.143474,0.366578,-3.49797,-0.58588,0.399242,1.09906,1.51224,-2.29633,-1.00382,0.172044,-0.458289,0.800067,0.595109,0.476019,0.290294,-0.577069,0.456499,-0.202447,-1.36746,1.95469,-1.45864,-1.06043,-0.109348,0.512327,-0.301331,0,0,[|0|1|2|3|4|5|6|7|8|9|10|11|12|13|14|15|16|17|18|19|20|21|22|23|24|25|26|],0,
36,-0.569405,0.320177,0.611494,-0.325917,-0.636087,-1.98589,-0.49337,-0.0805805,-0.714369,0.391111,0.149187,-0.864722,-0.359533,0.214031,0.633383,0.110808,-0.752131,1.95447,-0.159674,-0.666483,0.661124,-0.873297,-0.329252,0.206425,-1.1526,0.945404,0,[|0|1|2|3|4|5|6|7|8|9|10|11|12|13|14|15|16|17|18|19|20|21|22|23|24|25|26|],0,
37,-12.7763,-98.4622,-49.2218,-25.8048,-7.57339,-17.4427,58.1094,13.9202,-54.6126,-27.7844,-23.5206,-8.67257,-10.7601,-0.328628,3.71088,7.47078,32.6083,-89.9581,45.8656,-46.4602,-40.6438,-10.2393,-6.99138,13.6362,4.90612,70.7411,-8.61987,[|0|1|2|3|4|5|6|7|8|9|10|11|12|13|14|15|16|17|18|19|20|21|22|23|24|25|26|],0,
38,0.0697965,-0.304917,0.354368,-0.27057,0.0185615,0.0931402,-0.242359,-0.490188,-0.46101,-0.214204,-0.279207,0.128821,0.306318,-0.413905,0.198313,-0.247821,-0.347662,0.252461,0.62206,-0.0158129,-0.231882,-0.288399,-0.375205,0,0,0,0,[|0|1|2|3|4|5|6|7|8|9|10|11|12|13|14|15|16|17|18|19|20|21|22|23|24|25|26|],0,
39,0.670182,-0.582532,3.37504,-5.88658,-4.96734,-3.52963,-3.85392,-5.67523,-12.443,1.65424,0.313248,-7.988,0.172764,0.422899,3.18062,3.77102,-0.290235,-1.78844,-1.33692,2.20894,-0.231268,0.311863,3.19701,3.47345,-0.213598,-0.490949,-0.391191,[|0|1|2|3|4|5|6|7|8|9|10|11|12|13|14|15|16|17|18|19|20|21|22|23|24|25|26|],0,
40,-8.79252,0.775636,-3.01755,-15.452,6.00461,-8.18589,3.78166,-4.46573,-6.91233,-2.21066,-13.7409,14.9948,10.8301,-8.84015,-2.69426,-4.41584,9.92514,0.963233,1.10331,-6.04791,-1.98133,-17.5433,5.7038,9.05356,-14.2317,24.9086,-0.224107,[|0|1|2|3|4|5|6|7|8|9|10|11|12|13|14|15|16|17|18|19|20|21|22|23|24|25|26|],0,
41,-11.8171,-13.9045,31.8179,-24.5975,9.32454,12.7164,-18.4068,-1.92615,-21.1518,3.18826,-17.302,6.56376,14.1847,1.70548,-4.11247,-7.7686,-4.18885,7.97033,9.73908,5.86755,-11.75,-12.1908,-18.8184,-15.4644,18.5571,11.9917,-8.75169,[|0|1|2|3|4|5|6|7|8|9|10|11|12|13|14|15|16|17|18|19|20|21|22|23|24|25|26|],0,
42,91.1709,189.094,182.106,144.553,-107.28,395.842,-173.653,510.029,135.515,-108.847,61.6172,-135.703,-257.571,129.346,242.792,197.982,-301.137,374.507,-270.497,-297.837,116.819,-24.766,234.04,-31.5138,90.3875,-346.209,14.2945,[|0|1|2|3|4|5|6|7|8|9|10|11|12|13|14|15|16|17|18|19|20|21|22|23|24|25|26|],0,
43,-0.798323,-2.31833,0.103815,0.470981,-0.294879,2.08672,-1.07873,0.0353035,-0.741013,0.970405,0.723502,0.346702,-2.41349,-1.07582,0.42608,0.583237,-3.5078,-2.50472,3.44432,-2.76593,-0.674268,2.93134,1.46008,1.0617,0,0,0,[|0|1|2|3|4|5|6|7|8|9|10|11|12|13|14|15|16|17|18|19|20|21|22|23|24|25|26|],0,
44,0.289312,-0.106881,-0.111961,-0.446936,0.180114,0.560732,-0.181636,0.0849875,-0.395759,-0.169438,0.630743,-0.278003,-0.807111,0.423522,0.0667595,0.177684,-0.18236,-0.0379238,-0.722309,0.268013,-0.125118,0.491236,-0.110417,0.172234,0,0,0,[|0|1|2|3|4|5|6|7|8|9|10|11|12|13|14|15|16|17|18|19|20|21|22|23|24|25|26|],0,
45,-6.24143,-9.25935,10.0819,-17.9979,1.84115,6.75534,5.27848,9.90055,-9.31304,-0.689902,13.6249,-10.5802,-3.40328,4.25623,-2.47574,8.58851,7.91753,-10.3478,-0.0907054,4.60486,2.1265,3.05223,-14.0495,5.54235,-5.05748,-4.75141,3.89649,[|0|1|2|3|4|5|6|7|8|9|10|11|12|13|14|15|16|17|18|19|20|21|22|23|24|25|26|],0,
46,-0.582267,-1.53647,-7.75382,0.169793,4.58326,-1.83898,7.91793,-4.95098,-2.21083,-2.47953,3.09525,6.70823,1.8704,-4.4258,-6.63923,-1.80044,-1.05163,1.26174,-2.22555,0.750228,-10.3632,-1.34176,-0.768234,4.20014,4.13914,3.10254,-1.18174,[|0|1|2|3|4|5|6|7|8|9|10|11|12|13|14|15|16|17|18|19|20|21|22|23|24|25|26|],0,
47,-0.214627,-0.560048,0.428476,-0.578472,0.533534,0.3431,-0.533441,-0.0212826,-0.955637,-0.0693569,0.299459,-0.0489047,-0.318148,-0.0721199,-0.189099,0.361688,0.104565,-1.05103,0.204552,0.0428618,-0.431014,-0.266641,0.499599,0.950157,0,0,0,[|0|1|2|3|4|5|6|7|8|9|10|11|12|13|14|15|16|17|18|19|20|21|22|23|24|25|26|],0,
48,-2.15583,2.81131,2.33375,-3.08502,-0.852236,-2.63411,0.453376,4.76249,-5.49995,-3.92156,-0.513241,3.35673,-0.118972,-0.47096,2.40151,5.30732,4.42959,-1.14628,-3.509,0.654885,0.282894,-1.44556,-4.7683,-3.69009,6.94099,-4.15075,1.01353,[|0|1|2|3|4|5|6|7|8|9|10|11|12|13|14|15|16|17|18|19|20|21|22|23|24|25|26|],0,
49,-3.6611,1.60868,0.188079,-1.61284,0.862007,-1.66335,1.87154,-7.39122,-6.42439,1.45114,0.316174,-6.74398,-0.084961,-0.30018,-5.73098,-0.61325,-2.02737,2.20668,0.721036,-0.78011,-3.65639,-2.91153,-1.3452,3.08662,0.636229,3.37843,-1.42887,[|0|1|2|3|4|5|6|7|8|9|10|11|12|13|14|15|16|17|18|19|20|21|22|23|24|25|26|],0,
50,-0.625903,-1.07747,0.228642,0.0963273,-0.558836,-0.532486,-0.501593,0.0153052,0.123679,-0.890133,1.27151,-0.265148,-1.01545,0.317738,0.546769,0.0619725,-3.21181,3.10107,0.858611,0.515894,0.118132,0.793377,-0.219527,-0.870786,-2.06507,2.47719,0,[|0|1|2|3|4|5|6|7|8|9|10|11|12|13|14|15|16|17|18|19|20|21|22|23|24|25|26|],0,
51,-131.293,160.835,-102.73,-327.172,91.3637,25.7711,137.313,7.09458,-36.4542,-36.6914,-115.802,397.197,-43.7823,-45.4609,-75.322,-182.486,116.158,-279.407,71.0917,-247.91,313.961,0.562027,258.767,-147.976,-60.2539,260.077,-38.0022,[|0|1|2|3|4|5|6|7|8|9|10|11|12|13|14|15|16|17|18|19|20|21|22|23|24|25|26|],0,
52,-49.3445,20.7637,-0.786313,124.057,-3.85255,47.4307,-25.7631,2.48414,65.9625,24.255,-63.6,42.2065,7.1216,-55.3367,3.76645,-18.7963,-21.5454,-29.5191,23.0879,-23.7887,6.0439,12.8998,14.3233,19.8035,-50.1577,49.5936,-1.29503,[|0|1|2|3|4|5|6|7|8|9|10|11|12|13|14|15|16|17|18|19|20|21|22|23|24|25|26|],1,
53,-9.34543,-140.235,-185.548,-275.222,2.18053,119.661,202.746,-56.2805,-288.216,48.3133,-164.22,7.57226,38.7036,27.0095,-1.14848,125.108,98.3381,-131.463,-58.2396,-66.3982,-109.856,-190.546,14.3752,49.9349,-7.64533,123.606,-1.78719,[|0|1|2|3|4|5|6|7|8|9|10|11|12|13|14|15|16|17|18|19|20|21|22|23|24|25|26|],0,
54,-0.96969,6.63346,-1.7084,-12.8235,3.79343,3.38402,3.37847,-18.1445,-15.6898,2.46548,-20.3281,-0.940797,14.5807,-4.32481,-9.69508,4.49973,5.50664,3.22125,-2.96003,-10.6064,5.99451,-2.44009,-3.89238,-0.317539,10.2408,-3.11807,3.82861,[|0|1|2|3|4|5|6|7|8|9|10|11|12|13|14|15|16|17|18|19|20|21|22|23|24|25|26|],0,
55,-0.50391,-0.126066,0.0638739,-0.0468695,0.569328,-0.57119,0.0276679,1.29082,0.619397,-0.476293,-0.809277,0.780153,0.630198,0.201078,-0.246921,-0.804989,-0.064996,-1.18148,0.174293,0.0330446,0.301026,1.48839,1.11239,-0.45132,0.181021,1.12947,0,[|0|1|2|3|4|5|6|7|8|9|10|11|12|13|14|15|16|17|18|19|20|21|22|23|24|25|26|],0,
56,-0.326797,0.403637,0.577149,0.158402,-0.298564,-0.136326,-0.234874,0.390372,-0.373475,-0.0556,0.426275,-0.973414,-0.886222,0.246952,0.376441,-0.00283997,0.598034,-0.594379,-0.289049,-0.0375531,0.295497,0.361147,0.228992,0.123344,-0.974966,1.00915,0,[|0|1|2|3|4|5|6|7|8|9|10|11|12|13|14|15|16|17|18|19|20|21|22|23|24|25|26|],0,
57,0.0805433,14.3542,2.86498,-13.9822,-14.0934,-13.5071,15.0287,-4.80102,-22.7423,-12.3138,-6.12788,-8.33263,12.437,-6.37879,6.90941,-4.87271,9.19501,-17.1025,8.66227,-9.17112,-9.68571,-6.09935,-3.9139,28.0343,27.9726,-21.3726,1.51325,[|0|1|2|3|4|5|6|7|8|9|10|11|12|13|14|15|16|17|18|19|20|21|22|23|24|25|26|],0,
58,-7.84345,1.00136,12.033,-4.75156,-1.40224,-8.94962,-6.70213,1.79046,-13.2532,-2.98579,11.3183,-6.05628,-9.0695,-0.585231,-3.3397,1.98002,-3.32741,0.927605,4.78926,-5.86739,2.34852,0.416778,5.60141,3.90617,2.71257,0.76431,-0.296969,[|0|1|2|3|4|5|6|7|8|9|10|11|12|13|14|15|16|17|18|19|20|21|22|23|24|25|26|],0,
59,5.46153,0.401605,-12.784,-20.6754,-4.7075,-18.1143,10.9659,5.54573,-16.1177,-1.78728,6.75343,3.63868,-4.01744,4.51286,0.908857,-16.3052,9.73685,-16.1285,-3.49617,-1.47457,-9.26187,-9.58237,7.44191,13.3268,-2.92359,-3.73528,1.10335,[|0|1|2|3|4|5|6|7|8|9|10|11|12|13|14|15|16|17|18|19|20|21|22|23|24|25|26|],0,
60,0.0349695,-0.585621,-1.98778,-0.220052,0.251744,0.235852,1.06615,0.128715,-0.272519,-0.447015,-0.632486,0.315591,-0.27669,0.333428,-0.0250452,0.157712,0.360689,-0.334825,-1.13735,-0.130043,0.589871,0.0780003,0.320773,-0.192615,0,0,0,[|0|1|2|3|4|5|6|7|8|9|10|11|12|13|14|15|16|17|18|19|20|21|22|23|24|25|26|],0,
61,-0.878406,-1.53541,4.09747,0.873986,-0.577321,1.68827,-3.01607,-0.202827,0.486107,-0.0580121,1.85332,-2.92755,-2.14723,1.27884,0.446667,0.378424,-2.11487,2.75669,1.58296,-0.781383,1.22029,0.184351,-1.83756,0,0,0,0,[|0|1|2|3|4|5|6|7|8|9|10|11|12|13|14|15|16|17|18|19|20|21|22|23|24|25|26|],1,
62,-1.60483,4.64098,3.35673,-1.35787,4.20136,14.678,-3.02577,-5.86792,6.03272,-0.941121,11.4438,-2.64039,1.15298,0.969231,2.64823,5.51406,-14.7448,16.4085,6.13129,-0.290118,-5.07104,8.67322,-2.95025,-4.67276,2.70947,-4.16868,0.246972,[|0|1|2|3|4|5|6|7|8|9|10|11|12|13|14|15|16|17|18|19|20|21|22|23|24|25|26|],1,
63,3.7274,-12.2495,-46.3854,-14.5335,11.0029,39.696,38.7062,-28.074,-33.2279,-49.3565,9.85736,-18.1208,-29.3716,30.404,-5.07094,1.50226,8.99642,-3.04529,-8.89735,-0.670796,3.4927,-17.65,17.6374,25.7821,8.08247,11.1394,-1.38569,[|0|1|2|3|4|5|6|7|8|9|10|11|12|13|14|15|16|17|18|19|20|21|22|23|24|25|26|],0,
64,0.692356,-2.35444,-0.752619,-2.79208,2.25059,5.39625,-0.864584,-6.69865,-3.71312,2.77614,-0.664751,-0.977772,3.07171,-0.0697286,-1.23692,-1.46687,0.0987753,-1.25118,-0.440969,-0.0837284,-2.11736,-1.19994,3.49857,0.530835,1.27435,-2.24305,-1.20519,[|0|1|2|3|4|5|6|7|8|9|10|11|12|13|14|15|16|17|18|19|20|21|22|23|24|25|26|],0,
65,-1.00227,-0.740553,-1.04612,0.299626,0.0418931,0.647942,0.706086,2.90101,-0.24619,-0.178106,-1.21686,2.16775,0.887326,-0.520444,0.636907,0.563077,1.46917,-2.18643,-0.409321,-1.61522,-1.14335,-0.311614,-0.889067,0.569537,0,0,0,[|0|1|2|3|4|5|6|7|8|9|10|11|12|13|14|15|16|17|18|19|20|21|22|23|24|25|26|],0,
66,0.027108,-2.37998,-5.23439,-0.206321,0.567638,4.47113,3.73026,-1.13426,-0.40322,0.356712,1.69983,-0.296208,-3.40565,0.585745,1.20113,-0.352563,-2.23652,2.26909,-0.345643,-0.760137,-4.74204,-2.67743,1.13485,0.831949,0,0,0,[|0|1|2|3|4|5|6|7|8|9|10|11|12|13|14|15|16|17|18|19|20|21|22|23|24|25|26|],0,
67,-44.5606,5.89117,49.1813,-98.9682,-22.0164,-55.4877,6.3541,45.8019,-85.9328,-25.7534,59.9772,-48.4154,-9.6224,66.0514,15.4915,11.4067,-27.3369,-33.5989,66.2044,3.3054,-46.2727,0.864471,-10.8553,6.97317,20.7011,-6.09492,-24.6883,[|0|1|2|3|4|5|6|7|8|9|10|11|12|13|14|15|16|17|18|19|20|21|22|23|24|25|26|],0,
68,0.406228,-1.32007,2.29651,-2.85283,0.325816,-2.33955,-1.3722,0.918088,0.672075,0.152012,1.32939,0.748538,-1.81002,-2.78116,-2.19682,-0.395537,-4.2446,4.08497,2.41568,0.596053,0.0882807,-0.751386,0,0,0,0,0,[|0|1|2|3|4|5|6|7|8|9|10|11|12|13|14|15|16|17|18|19|20|21|22|23|24|25|26|],0,
69,-0.163494,-0.915842,-1.93674,0.0395509,-0.47203,-0.14992,0.8789,0.390274,0.0456855,-0.0257485,-0.0860252,1.2122,-0.411251,-0.556575,0.413075,-0.350882,-0.888269,0.00738425,-0.207629,0.0147885,0.197752,-0.184895,0.590729,0.207391,0.156151,-0.70026,0,[|0|1|2|3|4|5|6|7|8|9|10|11|12|13|14|15|16|17|18|19|20|21|22|23|24|25|26|],0,
70,3.24884,0.96251,-8.61767,2.30065,-3.78613,0.12484,6.2546,0.553329,2.81271,-8.58241,-16.4942,12.2786,11.4333,1.28298,3.47369,-8.23622,4.22242,-11.0701,1.72248,-5.37895,-2.51896,4.53579,5.99518,-2.05313,-0.699383,16.4128,0,[|0|1|2|3|4|5|6|7|8|9|10|11|12|13|14|15|16|17|18|19|20|21|22|23|24|25|26|],0,
71,-1.82349,-1.0284,-3.08563,-3.11888,-2.31232,-4.07516,2.66775,3.91731,-6.02481,0.420361,-1.17822,-3.92075,0.296344,0.422476,1.04872,2.64759,3.29974,-5.61196,-2.18482,-2.19032,-0.159539,1.08769,0.0148113,3.6734,-2.93497,1.56071,-1.11643,[|0|1|2|3|4|5|6|7|8|9|10|11|12|13|14|15|16|17|18|19|20|21|22|23|24|25|26|],0,
72,-5.14421,-0.609939,-60.9238,-1.01195,6.13585,-54.1113,44.8972,-12.5113,-65.5312,1.87608,5.2043,-54.2538,-9.48448,-5.47474,-5.5343,-34.2015,24.765,-73.9095,-5.01981,-2.66588,26.5625,26.1201,37.8991,-10.3473,-47.5258,-9.08724,-23.8253,[|0|1|2|3|4|5|6|7|8|9|10|11|12|13|14|15|16|17|18|19|20|21|22|23|24|25|26|],0,
73,-45.1989,-9.22854,44.8311,13.8449,-45.6828,-81.1979,-13.0457,73.4855,-29.1439,-35.7444,-0.804886,-40.0599,-9.71487,2.72718,35.7627,-9.73567,9.21346,-18.4842,-6.24223,15.4975,28.4861,5.78312,78.1714,-24.7398,32.5056,22.2005,13.5372,[|0|1|2|3|4|5|6|7|8|9|10|11|12|13|14|15|16|17|18|19|20|21|22|23|24|25|26|],0,
74,12.3994,7.67662,10.762,24.8825,6.98478,13.9432,-7.29326,-11.2969,18.9618,9.13183,21.3976,26.1645,11.3963,-25.3318,-6.16387,-9.15074,2.82609,0.624442,3.32323,-1.85432,-16.2967,12.7783,-15.7046,0.835537,15.1966,-43.8039,-4.41434,[|0|1|2|3|4|5|6|7|8|9|10|11|12|13|14|15|16|17|18|19|20|21|22|23|24|25|26|],1,
75,-0.337853,-0.572461,-0.0420755,-0.10971,-0.210148,0.400846,-0.344334,-0.338895,-0.318645,0.0542382,0.858183,0.0211995,-0.969067,0.0198236,0.112833,-0.0869548,-0.438143,1.37313,-0.00330821,-0.237881,-0.275781,-0.771312,-0.774751,-0.551392,0,0,0,[|0|1|2|3|4|5|6|7|8|9|10|11|12|13|14|15|16|17|18|19|20|21|22|23|24|25|26|],0,
76,-0.304125,1.34534,0.92286,0.00919717,-0.352844,-2.44256,-0.50185,0.763131,-0.768609,-0.135317,-0.938765,0.7807,0.61432,-0.85076,-0.410935,1.56877,-0.951743,2.44349,-0.211669,-1.26338,0.779979,-0.304493,-1.00005,-1.74757,0.956244,-0.741527,0,[|0|1|2|3|4|5|6|7|8|9|10|11|12|13|14|15|16|17|18|19|20|21|22|23|24|25|26|],0,
77,-0.456538,0.445969,-0.47022,0.0910035,-0.00705222,-0.0763837,0.874948,1.01801,-0.221231,0.210236,0.844611,0.182879,0.0184988,-1.10541,0.650606,0.455373,0.559407,0.123233,-0.219428,-0.0179118,-0.775111,0.0075551,0.0400588,-0.533115,-0.393631,-0.246621,-0.128688,[|0|1|2|3|4|5|6|7|8|9|10|11|12|13|14|15|16|17|18|19|20|21|22|23|24|25|26|],0,
78,50.4456,27.0027,222.433,18.0011,-17.2166,-18.9984,-206.577,-38.5154,0.539078,-7.0697,26.9037,16.2052,22.9597,-34.611,13.2113,-30.1397,-93.5515,97.033,84.0122,79.0506,8.67218,-5.59906,-43.9344,-34.1318,-8.17329,1.08836,-6.22466,[|0|1|2|3|4|5|6|7|8|9|10|11|12|13|14|15|16|17|18|19|20|21|22|23|24|25|26|],1,
79,0.398615,-3.21154,12.116,-2.44961,12.1837,11.458,-9.38753,9.12091,16.5074,4.5818,-0.679818,19.1981,1.59803,-4.60457,-11.2908,-5.34738,-9.64752,9.70732,4.66996,-0.84467,3.64487,-1.85931,-6.88881,-3.69245,-8.9539,7.77627,1.46669,[|0|1|2|3|4|5|6|7|8|9|10|11|12|13|14|15|16|17|18|19|20|21|22|23|24|25|26|],1,
80,3.05364,2.42268,-2.65715,-6.94636,2.85157,3.03522,1.21643,-5.7264,-4.65618,-0.568944,-2.57274,4.09224,2.78068,0.29253,-0.712409,0.502528,1.27182,-1.9383,-1.57707,-3.22138,-1.45366,3.44058,0.855502,2.88911,3.83956,-2.81865,-1.97594,[|0|1|2|3|4|5|6|7|8|9|10|11|12|13|14|15|16|17|18|19|20|21|22|23|24|25|26|],0,
81,8.23091,-2.29501,-127.231,-24.8601,13.4985,118.358,79.7819,-31.6471,-69.154,-7.20152,93.0857,52.3043,-107.465,-43.8805,45.633,-2.50879,87.2111,-133.246,-44.0921,-21.7919,-25.3475,-13.0769,9.68053,88.1022,-97.2416,24.1861,-14.3601,[|0|1|2|3|4|5|6|7|8|9|10|11|12|13|14|15|16|17|18|19|20|21|22|23|24|25|26|],0,
82,0.21184,-0.0299651,0.306507,-0.105578,0.070634,-0.138571,0.406017,0.35403,0.222136,-1.40069,0.751422,0.0600672,-1.46333,0.287633,-0.122168,-0.239499,0.204091,-0.261604,0.524022,-0.0407122,-0.407911,-0.726882,0.321254,0.409284,-0.06802,0.841729,0,[|0|1|2|3|4|5|6|7|8|9|10|11|12|13|14|15|16|17|18|19|20|21|22|23|24|25|26|],0,
83,-0.472714,-0.208809,-0.215272,-0.342679,-0.122136,-1.62404,-0.250308,0.135682,-1.29378,0.25944,-0.0742667,-0.645466,-0.342085,0.303545,-0.209748,-0.0319248,-0.0829613,-0.201116,-0.153392,0.0966872,-0.520787,-0.237279,-0.277175,0.457638,-0.916065,1.51478,0,[|0|1|2|3|4|5|6|7|8|9|10|11|12|13|14|15|16|17|18|19|20|21|22|23|24|25|26|],0,
84,-0.265607,-0.0455449,0.720929,-1.41364,0.16127,1.83015,-0.847504,-1.23214,-2.44198,0.0212256,-0.610388,-0.457564,0.395228,0.535899,0.0832502,0.360126,-0.500192,0.0260545,-0.24179,0.739297,0,0,0,0,0,0,0,[|0|1|2|3|4|5|6|7|8|9|10|11|12|13|14|15|16|17|18|19|20|21|22|23|24|25|26|],0,
85,0.546681,0.0601984,0.636866,-1.09963,0.603281,0.762894,-0.1993,-0.578219,-1.79313,-1.68746,1.13956,0.921974,-0.704311,-0.140537,-1.12143,0.783963,0.336958,-0.90018,-0.149498,0.48111,0,0,0,0,0,0,0,[|0|1|2|3|4|5|6|7|8|9|10|11|12|13|14|15|16|17|18|19|20|21|22|23|24|25|26|],0,
86,1.34506,10.8344,14.8267,2.30576,1.67897,-9.74776,-6.78441,7.26181,13.7254,0.46744,-3.35308,-1.0443,-2.03156,3.81784,-4.18981,2.95528,3.60212,-0.419013,-2.74422,6.56366,3.75187,6.87216,-4.63445,-9.46565,11.7903,0.736147,-2.5518,[|0|1|2|3|4|5|6|7|8|9|10|11|12|13|14|15|16|17|18|19|20|21|22|23|24|25|26|],1,
87,0.691066,2.25973,-0.194967,-0.516101,0.292068,-2.34555,0.911154,-0.00202573,0.960941,-0.954873,-0.795036,-0.242415,2.39288,1.02346,-0.470566,-0.380382,3.42081,2.33825,-3.49615,2.50247,0.731109,-2.89783,-1.52574,-0.936626,0,0,0,[|0|1|2|3|4|5|6|7|8|9|10|11|12|13|14|15|16|17|18|19|20|21|22|23|24|25|26|],1,
88,-2.76295,2.97928,-7.47653,5.27107,-3.06913,-9.84154,8.12608,9.22118,3.45518,-1.95362,5.37115,-0.943338,-3.92123,-0.502367,1.87177,-2.29983,9.07538,-3.66977,-6.03547,-1.42203,-8.85763,-2.24462,4.618,2.88193,-2.71337,5.55782,1.72462,[|0|1|2|3|4|5|6|7|8|9|10|11|12|13|14|15|16|17|18|19|20|21|22|23|24|25|26|],1,
89,25.756,-22.7255,-3.92163,84.0185,32.4648,89.6834,4.11346,-80.1989,23.939,7.46945,78.2572,16.9863,152.113,-99.341,-29.2376,-15.833,-90.0635,91.793,39.517,5.5088,0.897759,14.8733,0.00103341,-34.2152,133.974,-301.647,37.461,[|0|1|2|3|4|5|6|7|8|9|10|11|12|13|14|15|16|17|18|19|20|21|22|23|24|25|26|],1,
90,0.176861,-0.0373223,0.491547,0.40975,0.133252,-0.0285362,-0.817702,0.313199,0.940017,-0.163607,0.460717,-0.215579,-1.17522,1.18734,-0.122931,0.366917,0.61375,-0.565997,-0.144732,-0.536489,0.569937,-0.0444489,-0.697318,-0.385013,0,0,0,[|0|1|2|3|4|5|6|7|8|9|10|11|12|13|14|15|16|17|18|19|20|21|22|23|24|25|26|],1,
91,0.396987,2.26418,6.1726,1.49944,0.733701,-0.348072,-5.94194,0.513502,3.94793,-0.196035,3.11482,1.09005,-3.44772,0.296122,-0.481835,0.346675,2.07269,-1.80062,-0.980229,2.71977,0.495127,-0.636945,-0.137897,2.88863,1.91978,-1.75152,0.255427,[|0|1|2|3|4|5|6|7|8|9|10|11|12|13|14|15|16|17|18|19|20|21|22|23|24|25|26|],1,
92,1.54284,-5.07114,-0.551035,-2.32174,1.68157,6.12698,1.61615,2.15298,4.08966,0.0133876,1.45501,-1.6367,1.5909,1.85098,-2.1205,-1.06466,-1.23267,1.91543,-0.938595,0,0,0,0,0,0,0,0,[|0|1|2|3|4|5|6|7|8|9|10|11|12|13|14|15|16|17|18|19|20|21|22|23|24|25|26|],0,
93,-0.274375,0.400195,1.30904,0.990656,0.204349,0.568599,-0.587569,-0.666289,-0.411819,0.614802,-0.447678,-0.872857,1.65429,-0.597511,-0.369798,0.285219,-0.500179,-0.812582,0.954439,-0.796111,-0.541209,0.504328,0.515288,0.900268,0,0,0,[|0|1|2|3|4|5|6|7|8|9|10|11|12|13|14|15|16|17|18|19|20|21|22|23|24|25|26|],1,
94,1.83814,27.3545,37.3113,9.81051,57.6588,88.4421,-19.303,-62.9123,63.9637,13.3519,40.8118,25.4673,13.5418,-2.02753,-34.3394,25.0278,-27.6722,-0.0555884,32.7678,-17.7448,14.2257,39.2659,4.0654,-2.37566,1.39625,0.317677,36.149,[|0|1|2|3|4|5|6|7|8|9|10|11|12|13|14|15|16|17|18|19|20|21|22|23|24|25|26|],1,
95,-23.1255,-11.0036,-7.57269,-1.16336,12.9915,18.1162,-5.94585,-20.2224,27.0607,4.18963,-7.33794,7.77847,24.9523,-3.29139,-3.23571,-40.1299,-67.2217,11.9255,80.8214,3.99359,-1.05789,-7.89195,36.4789,0,0,0,0,[|0|1|2|3|4|5|6|7|8|9|10|11|12|13|14|15|16|17|18|19|20|21|22|23|24|25|26|],1,
96,3.33687,9.35354,0.165078,-20.8101,12.6901,22.6319,4.63455,-27.0908,-10.8648,-2.25161,12.3453,-6.02891,-12.6773,-6.33137,-20.396,-2.62405,-8.52736,-1.15337,10.8793,-0.152135,1.74992,-1.76784,5.07143,6.00872,-7.16206,7.23721,5.57534,[|0|1|2|3|4|5|6|7|8|9|10|11|12|13|14|15|16|17|18|19|20|21|22|23|24|25|26|],0,
97,0.66405,1.13866,2.29028,-0.0967346,0.831819,0.613528,-1.9642,-0.421341,0.989592,-0.211366,-0.467321,0.146817,-0.237685,0.241803,-0.966286,0.181337,0.535219,0.476242,-0.407538,0.551127,0.661499,-0.676856,-0.514635,0.0333056,0,0,0,[|0|1|2|3|4|5|6|7|8|9|10|11|12|13|14|15|16|17|18|19|20|21|22|23|24|25|26|],1,
98,9.50494,70.8733,121.566,124.406,43.7077,-16.4159,-61.8391,0.678259,109.213,30.9668,77.2356,-20.8102,129.555,-46.6286,-26.7827,50.4031,-124.143,106.292,48.6111,39.2849,-75.3214,192.536,-17.4899,-76.0251,-32.1024,-12.9928,-5.93228,[|0|1|2|3|4|5|6|7|8|9|10|11|12|13|14|15|16|17|18|19|20|21|22|23|24|25|26|],1,
99,2.51958,-2.91216,2.21462,3.49145,-0.611821,-5.46372,-2.547,-4.11572,-0.64348,-0.467484,3.92435,-2.24492,-0.240015,-3.35233,-2.14819,2.75002,0.136952,-1.45388,1.14388,0.209883,3.26764,3.37709,-0.151114,0.0838981,-3.01916,0,0,[|0|1|2|3|4|5|6|7|8|9|10|11|12|13|14|15|16|17|18|19|20|21|22|23|24|25|26|],1,
100,0.998227,-0.00541651,-1.60287,-0.175041,0.172523,-0.206027,0.576501,-0.791402,0.217854,-0.0103191,0.913858,0.0418421,0.113639,-0.0942161,-0.464899,0.656739,0.724137,-0.432314,-0.431838,0.548097,-0.42536,-0.554999,-0.60406,-0.0157145,-1.38255,0.00445386,0,[|0|1|2|3|4|5|6|7|8|9|10|11|12|13|14|15|16|17|18|19|20|21|22|23|24|25|26|],1,
101,-0.27464,-1.12867,3.02955,-0.44733,-1.58638,-7.03283,-2.38094,2.14643,3.80887,1.1749,1.53407,-0.855267,-0.155062,-0.0687555,-1.6478,1.97808,-0.148494,3.4005,-0.851902,3.02961,-3.73811,-3.82268,-1.76094,0.159047,0.0993887,0.513557,2.09088,[|0|1|2|3|4|5|6|7|8|9|10|11|12|13|14|15|16|17|18|19|20|21|22|23|24|25|26|],1,
102,-6.52302,15.3017,-8.16232,-7.29919,0.341754,11.7287,8.25635,7.70295,16.4647,-4.68339,11.7427,8.70761,-4.58079,-5.46169,6.72459,2.31494,11.3652,-3.07086,-7.51392,8.66421,9.00125,2.7339,13.3557,2.15942,-6.6454,-4.75443,3.29484,[|0|1|2|3|4|5|6|7|8|9|10|11|12|13|14|15|16|17|18|19|20|21|22|23|24|25|26|],1,
103,-1.60101,-1.44337,1.25299,-3.47027,-5.50249,-6.40479,1.15483,7.85011,-0.944386,-0.823312,-5.07253,0.462871,-2.90459,1.35474,-1.3253,0.00751637,1.36858,-4.94241,-2.86374,-1.16874,-0.892641,-3.13946,1.36008,4.82644,8.75679,-0.748267,0.700232,[|0|1|2|3|4|5|6|7|8|9|10|11|12|13|14|15|16|17|18|19|20|21|22|23|24|25|26|],0,
104,-13.1634,2.42519,23.8387,-15.0611,0.405176,-18.9592,-62.0057,22.4951,-52.9117,0.774595,26.144,2.72149,-25.0101,24.3207,-16.2364,4.01815,30.7154,-55.0813,-6.41945,3.05564,-13.1982,-14.8112,-25.1532,27.4399,-7.83696,-7.63184,-22.6763,[|0|1|2|3|4|5|6|7|8|9|10|11|12|13|14|15|16|17|18|19|20|21|22|23|24|25|26|],0,
105,77.1299,-93.463,34.101,398.269,-263.326,-420.279,276.18,678.817,580.201,38.8729,210.018,181.439,-439.238,60.3652,114.093,-316.987,-5.98879,-157.15,-60.0252,-326.226,-359.892,-308.402,162.042,-46.3316,-217.449,523.34,499.862,[|0|1|2|3|4|5|6|7|8|9|10|11|12|13|14|15|16|17|18|19|20|21|22|23|24|25|26|],1,
106,-2.62954,6.64043,7.42763,15.5488,-2.92589,-8.02924,-2.85626,5.28235,7.7512,1.41715,-0.746825,-4.72728,5.13759,0.820818,1.15841,1.43257,2.10392,-0.295879,-0.559309,-3.11396,-3.4128,6.48766,-2.57142,-1.62376,2.85897,0.075033,-2.45374,[|0|1|2|3|4|5|6|7|8|9|10|11|12|13|14|15|16|17|18|19|20|21|22|23|24|25|26|],1,
107,-22.68,-6.66831,71.2305,-1.18327,-8.94151,-34.634,-53.2415,7.64439,18.0108,35.9512,-14.2895,28.4299,38.6933,-48.8698,-6.03767,64.4254,14.4783,-32.7111,38.5993,-7.36708,-13.7864,-9.56233,-22.1469,17.9602,-16.7254,22.5338,1.30956,[|0|1|2|3|4|5|6|7|8|9|10|11|12|13|14|15|16|17|18|19|20|21|22|23|24|25|26|],1,
108,1.60865,0.743847,1.87507,-1.49305,0.436858,-0.436945,-2.76551,-6.66178,-0.849492,0.806157,2.08742,-1.01138,-1.76094,-0.363851,-1.43413,0.808092,-4.51588,4.43082,1.53239,1.89819,1.25199,-0.0796304,0,0,0,0,0,[|0|1|2|3|4|5|6|7|8|9|10|11|12|13|14|15|16|17|18|19|20|21|22|23|24|25|26|],1,
109,-20.9256,-46.529,33.3221,55.6804,-16.8399,-19.3882,-7.12506,36.6237,102.186,104.994,45.0128,53.0626,92.3682,-16.3523,2.89318,98.2661,25.689,37.2484,-22.0585,-44.8337,-31.1977,-25.0741,-148.269,-29.039,-60.5525,-8.43466,14.271,[|0|1|2|3|4|5|6|7|8|9|10|11|12|13|14|15|16|17|18|19|20|21|22|23|24|25|26|],1,
110,-0.657444,-1.31449,-1.27283,3.21149,-3.0245,-1.94846,0.287033,-3.9132,-4.70874,1.57145,-4.10419,1.22943,4.29914,-4.06844,0.125184,-1.61502,3.08991,-3.73438,-0.510946,-2.01283,1.84632,0.552696,1.0544,-1.18275,0,0,0,[|0|1|2|3|4|5|6|7|8|9|10|11|12|13|14|15|16|17|18|19|20|21|22|23|24|25|26|],1,
111,2.49878,14.7439,2.51728,-13.5422,5.01623,12.1971,-2.21395,1.36323,18.9842,-1.40972,-1.82036,-5.61684,12.0837,5.84004,5.50132,-15.644,3.30499,1.87703,-3.81453,18.3921,16.4559,-2.92009,19.7191,0.113493,-9.9552,-8.65868,5.90539,[|0|1|2|3|4|5|6|7|8|9|10|11|12|13|14|15|16|17|18|19|20|21|22|23|24|25|26|],1,
112,11.8718,6.97662,47.4244,46.2648,9.69825,-40.3093,-35.143,71.8538,117.882,-13.0167,-9.47724,52.2457,12.3915,-19.7253,-19.7926,19.4319,-10.3502,34.6353,3.76955,14.8715,16.3624,-7.01022,-23.4865,-26.4111,2.82597,-2.97933,-2.86432,[|0|1|2|3|4|5|6|7|8|9|10|11|12|13|14|15|16|17|18|19|20|21|22|23|24|25|26|],1,
113,-0.689085,-0.331267,3.47017,-0.129183,1.40299,2.42653,-3.33358,0.377976,0.188587,0.606857,-2.13614,2.99219,2.44664,-0.979275,-0.2548,1.014,-0.862882,-0.513335,1.26051,-0.666977,0.790493,0.0825003,-1.02783,0,0,0,0,[|0|1|2|3|4|5|6|7|8|9|10|11|12|13|14|15|16|17|18|19|20|21|22|23|24|25|26|],1,
114,-7.64867,5.72313,4.36772,19.5887,-1.69727,-8.65352,-21.7659,-12.9897,7.96131,1.71357,0.63719,-10.7519,0.699269,-1.29187,-0.187699,7.52135,-21.2233,10.4979,2.99899,13.3434,25.5805,-2.09215,20.4173,-1.11905,-15.1212,-8.64579,4.54882,[|0|1|2|3|4|5|6|7|8|9|10|11|12|13|14|15|16|17|18|19|20|21|22|23|24|25|26|],1,
115,0.463026,1.3588,2.08311,0.519391,-0.651883,-1.98882,-1.58028,0.167268,-0.0726213,0.71603,-0.508682,0.0612058,-0.0620655,-0.950298,0.748027,-0.149673,-0.998534,0.919919,0.214851,-0.186371,1.09247,0.236284,0,0,0,0,0,[|0|1|2|3|4|5|6|7|8|9|10|11|12|13|14|15|16|17|18|19|20|21|22|23|24|25|26|],0,
116,-19.5014,-82.6624,42.125,-24.112,-10.5666,-42.9115,-73.8607,-47.6268,-27.7667,17.6616,73.7966,-28.1789,-54.5191,3.05106,-4.35899,-7.8992,42.3467,-93.2309,55.2043,13.8621,-55.7281,-13.0359,-52.1624,75.0395,65.5567,-39.9273,-21.7041,[|0|1|2|3|4|5|6|7|8|9|10|11|12|13|14|15|16|17|18|19|20|21|22|23|24|25|26|],0,
117,-12.0341,-15.1964,-25.3606,11.7985,-6.90825,11.2626,-11.2482,-8.38799,-9.92712,-2.82605,44.6063,-8.89212,-38.3896,36.3998,10.7057,9.68859,33.2386,-56.0847,-14.1781,-7.45495,-36.8404,-2.37477,23.5795,43.6297,0,0,0,[|0|1|2|3|4|5|6|7|8|9|10|11|12|13|14|15|16|17|18|19|20|21|22|23|24|25|26|],0,
118,0.957608,-0.587879,0.921052,-0.740152,0.587505,0.682028,-0.527135,0.121908,-0.603003,-0.506204,1.08232,-0.0573361,-0.292847,0.227389,-0.435604,1.38968,-0.0688555,0.285462,-0.316138,-0.213442,-1.14372,-0.164813,-1.31973,0.383254,0,0,0,[|0|1|2|3|4|5|6|7|8|9|10|11|12|13|14|15|16|17|18|19|20|21|22|23|24|25|26|],0,
119,-0.667709,-4.79928,21.6622,11.483,-9.60557,-17.8685,-7.27244,24.8106,14.5812,-1.73093,-11.2143,3.57887,10.2898,-3.47847,0.94558,5.16065,16.1032,-23.7661,-1.8438,4.65864,-3.92789,6.16791,-2.0412,4.05004,3.71914,4.71486,3.66635,[|0|1|2|3|4|5|6|7|8|9|10|11|12|13|14|15|16|17|18|19|20|21|22|23|24|25|26|],1,
120,18.1992,-16.8273,13.5118,-30.9538,42.6998,33.2464,-11.101,-84.2192,13.5808,36.1995,15.2493,-25.846,-16.9322,-4.43546,-38.9037,-34.0948,-29.8254,41.3828,39.1194,26.8776,-38.6719,-39.0971,10.1821,-6.9941,6.22115,3.05426,-3.79338,[|0|1|2|3|4|5|6|7|8|9|10|11|12|13|14|15|16|17|18|19|20|21|22|23|24|25|26|],1,
121,-0.798088,-12.044,21.4941,10.6109,13.6069,-4.58451,-15.6484,1.59331,19.2412,4.86172,-16.1405,10.9324,3.75867,-10.3106,-7.4997,7.01379,10.1671,-17.5141,6.00074,-0.382481,9.93434,0.735613,-5.18906,9.58319,-9.34857,12.3892,7.53393,[|0|1|2|3|4|5|6|7|8|9|10|11|12|13|14|15|16|17|18|19|20|21|22|23|24|25|26|],1,
122,-1.32893,7.39174,9.29382,1.18573,0.0299733,-9.20535,-2.24983,0.309313,12.2281,4.74403,-0.416605,4.65062,-0.141687,-1.06547,-4.50713,-1.18243,7.40679,-3.85239,-3.11709,1.47246,5.65739,3.06116,-2.72781,-2.64753,2.45997,5.5384,2.08921,[|0|1|2|3|4|5|6|7|8|9|10|11|12|13|14|15|16|17|18|19|20|21|22|23|24|25|26|],1,
123,-0.166983,0.457866,3.39799,-0.224136,2.66202,5.32997,-3.37523,-0.252247,0.410253,0.720074,1.92141,0.320738,-3.78546,2.86016,-0.504722,3.46976,0.0544003,-0.539825,-1.10223,0.578167,1.05632,0.565532,-4.11686,0,0,0,0,[|0|1|2|3|4|5|6|7|8|9|10|11|12|13|14|15|16|17|18|19|20|21|22|23|24|25|26|],1,
124,1.74058,0.926105,1.77351,1.07016,1.55675,3.20372,-2.24631,-1.84627,3.05687,2.00062,1.68391,2.53692,-0.528034,-1.44771,0.245198,0.818633,-2.01884,1.35867,-0.144929,1.49387,-0.280353,0.376626,-2.30988,0.181062,-2.52294,0.980716,0.712267,[|0|1|2|3|4|5|6|7|8|9|10|11|12|13|14|15|16|17|18|19|20|21|22|23|24|25|26|],1,
125,1.36813,-1.4807,-0.829886,0.0817507,-0.668209,0.560803,-0.0758829,-0.122327,-0.0602421,0.323462,0.0792526,3.42227,-0.894304,-2.10679,0.792252,0.182158,-1.39782,-0.592411,-0.0572704,-1.89423,-0.850434,-0.598659,0.430655,2.86348,-1.86275,1.9246,0,[|0|1|2|3|4|5|6|7|8|9|10|11|12|13|14|15|16|17|18|19|20|21|22|23|24|25|26|],0,
126,2.61236,0.545348,4.26428,-1.66979,2.83571,-2.49953,-3.8386,1.14453,5.53954,-1.11464,3.12032,-3.95358,-1.26487,1.29086,-0.462234,5.19922,-6.45312,8.4212,4.05329,1.28469,5.1842,8.49788,-5.83909,-10.8917,-0.304301,-2.07949,-2.69495,[|0|1|2|3|4|5|6|7|8|9|10|11|12|13|14|15|16|17|18|19|20|21|22|23|24|25|26|],1,
127,20.2517,34.3098,29.052,-35.9609,9.13294,-143.453,-80.4993,44.8911,106.816,106.785,-99.4563,-135.777,119.975,42.3791,-94.9309,75.4053,-97.7112,73.8298,45.3589,13.7836,273.38,47.5447,-83.1227,-175.68,98.5329,-297.148,0.346148,[|0|1|2|3|4|5|6|7|8|9|10|11|12|13|14|15|16|17|18|19|20|21|22|23|24|25|26|],1,
128,0.410605,-1.22654,-1.15296,5.20419,0.558502,1.48086,0.631037,-5.81346,-0.430862,2.85295,-0.298506,1.85004,0.703412,-3.47214,-1.84976,0.615079,-3.53178,0.788472,-0.686258,-0.472387,-1.266,3.34236,-1.40011,1.29915,0,0,0,[|0|1|2|3|4|5|6|7|8|9|10|11|12|13|14|15|16|17|18|19|20|21|22|23|24|25|26|],1,
129,0.305957,-7.92704,-1.55136,9.70026,-3.4426,-6.78676,1.06469,-1.0564,3.21544,2.9177,13.4192,-6.50062,-3.27427,-0.459136,-3.15172,-2.94804,-4.8942,11.0098,-3.42331,0.248589,-19.8532,-4.92006,-3.5143,2.69284,5.48048,1.31637,2.02146,[|0|1|2|3|4|5|6|7|8|9|10|11|12|13|14|15|16|17|18|19|20|21|22|23|24|25|26|],1,
130,1.96331,-6.07475,40.0829,-0.742081,-1.02623,-13.8057,-44.9268,-21.4929,-0.164923,4.25247,9.59752,-11.7508,-10.3013,-2.60118,5.77487,4.34629,-20.2934,-1.92735,39.7659,2.72573,13.3413,35.2834,-20.0191,-11.0876,-27.3372,6.56057,-15.8677,[|0|1|2|3|4|5|6|7|8|9|10|11|12|13|14|15|16|17|18|19|20|21|22|23|24|25|26|],1,
131,1.01265,32.1477,102.108,23.3879,-13.0818,-16.1671,-89.6216,16.7521,31.7203,-2.94985,-3.18876,35.6951,-41.9565,21.0197,-0.240685,67.0677,11.2031,3.78495,-7.2966,-4.85218,-5.75328,31.2022,-86.121,0.16969,-16.9335,70.6278,16.1313,[|0|1|2|3|4|5|6|7|8|9|10|11|12|13|14|15|16|17|18|19|20|21|22|23|24|25|26|],1,
132,0.482261,-0.316047,1.92485,-1.26736,0.293179,-0.0964751,-1.03775,0.291591,0.292275,-0.40422,0.408686,-1.47442,0.285615,-1.33089,-0.58072,0.569441,-1.05209,0.0419856,2.24665,0.263062,0.759757,1.56192,2.0568,-1.2232,0,0,0,[|0|1|2|3|4|5|6|7|8|9|10|11|12|13|14|15|16|17|18|19|20|21|22|23|24|25|26|],1,
133,4.96084,20.2165,24.3842,1.7446,12.7804,16.712,-11.5477,9.62616,37.8958,1.08473,-2.11086,-13.5043,-16.1104,9.03927,-2.35367,4.03776,-6.84131,22.423,-3.02976,10.8697,10.5215,-11.1502,6.94178,-19.5779,18.8708,-7.82296,3.54473,[|0|1|2|3|4|5|6|7|8|9|10|11|12|13|14|15|16|17|18|19|20|21|22|23|24|25|26|],1,
134,83.4268,-35.6968,112.168,-5.99676,57.0523,35.3692,-56.1977,-58.3625,56.4422,24.9598,-78.2543,31.5932,78.8972,12.2501,-32.202,52.3899,128.594,-245.31,18.8496,-7.95068,-55.3628,46.8883,-33.5119,147.888,110.606,-56.4142,29.6595,[|0|1|2|3|4|5|6|7|8|9|10|11|12|13|14|15|16|17|18|19|20|21|22|23|24|25|26|],1,
135,39.6295,31.4546,-16.2016,32.0708,-0.496751,-0.73412,-27.7847,-31.1115,17.5028,51.3354,19.2824,10.5177,-42.5993,-13.4108,5.51086,-21.1817,35.0466,-1.77297,-23.6741,10.898,-0.835311,-51.4923,-21.0158,-43.6601,-1.46112,-62.562,-12.6273,[|0|1|2|3|4|5|6|7|8|9|10|11|12|13|14|15|16|17|18|19|20|21|22|23|24|25|26|],1,
136,-18.4303,22.3584,-32.8675,-44.0134,89.5069,114.744,3.44317,-63.5953,7.17765,64.1165,-15.6788,19.9356,-2.95064,20.5308,-34.0178,18.1287,26.5597,-6.03984,-18.2977,-36.7576,13.971,-10.3541,-14.6608,-13.8211,-1.61152,-3.03965,-19.5703,[|0|1|2|3|4|5|6|7|8|9|10|11|12|13|14|15|16|17|18|19|20|21|22|23|24|25|26|],1,
137,0.0888587,-2.4652,-2.1629,0.512922,0.979696,4.14169,1.05266,-0.740386,1.27787,-0.0154322,1.37768,1.65596,-2.06295,-0.169862,0.15844,-1.54553,1.28377,-2.9302,0.659347,-1.08663,-1.59056,0.121408,0.623195,1.83992,-0.151372,0,0,[|0|1|2|3|4|5|6|7|8|9|10|11|12|13|14|15|16|17|18|19|20|21|22|23|24|25|26|],1,
138,0.865116,-0.570094,5.25905,2.81165,0.11609,-4.34953,-3.79299,-6.8746,5.30843,6.18778,-2.76949,-3.35792,7.0453,-0.651526,-4.62694,1.49821,4.74139,-7.76122,-0.335438,1.57678,-2.21067,3.13162,-0.507587,2.16658,8.50357,-4.17339,3.59696,[|0|1|2|3|4|5|6|7|8|9|10|11|12|13|14|15|16|17|18|19|20|21|22|23|24|25|26|],1,
139,6.01739,-9.58263,72.1793,8.09522,10.5221,-31.0085,-49.448,4.04054,28.7531,3.95461,-14.0236,7.98464,29.239,-25.4059,-20.8344,-13.3135,4.07646,11.2249,19.0351,31.013,-6.54255,-18.3142,1.9017,-9.73589,3.20765,5.48496,8.31372,[|0|1|2|3|4|5|6|7|8|9|10|11|12|13|14|15|16|17|18|19|20|21|22|23|24|25|26|],1,
140,-0.403588,-1.48492,2.16411,1.322,2.27724,3.53123,-1.89602,2.11561,2.03,-0.93495,0.149832,-1.23726,-0.955893,-0.0524517,0.0517346,0.384787,-2.16629,8.41166,-1.65374,2.43039,2.62275,-3.52097,-1.49946,-2.43847,-12.0459,7.97867,0.410042,[|0|1|2|3|4|5|6|7|8|9|10|11|12|13|14|15|16|17|18|19|20|21|22|23|24|25|26|],1,
141,-0.970321,-0.122244,2.60764,0.906899,-1.68602,-4.88028,-0.474072,4.96484,1.24901,-1.04,0.0741135,-1.89048,-1.11423,1.15789,0.888246,-4.17518,-2.77842,1.70067,1.03923,0.974563,1.92742,0.459218,-1.84302,-0.264415,0,0,0,[|0|1|2|3|4|5|6|7|8|9|10|11|12|13|14|15|16|17|18|19|20|21|22|23|24|25|26|],1,
142,-0.927867,0.273819,1.82618,-0.355788,-0.425283,1.27409,-2.31056,-2.41074,-3.63718,0.101316,3.78786,0.501369,-5.51835,0.504878,0.984743,-0.281247,3.4277,-0.303943,-1.12799,0.194541,0.283038,-2.06522,-2.04256,-1.61477,-2.78814,4.50179,0,[|0|1|2|3|4|5|6|7|8|9|10|11|12|13|14|15|16|17|18|19|20|21|22|23|24|25|26|],1,
143,5.01511,5.47546,-12.0285,6.46833,3.28067,-2.03887,7.58622,-3.87394,10.7916,3.33821,1.96492,6.97867,1.53688,-4.86145,-9.24705,-6.94489,17.4313,-13.2945,-5.72439,1.60055,-3.57266,-6.86652,2.00014,3.22424,-14.1645,5.98335,-0.237177,[|0|1|2|3|4|5|6|7|8|9|10|11|12|13|14|15|16|17|18|19|20|21|22|23|24|25|26|],1,
144,-15.6355,40.0051,9.89161,133.471,3.72323,-14.2597,-58.8072,-46.2342,-9.79512,15.9003,-57.206,107.753,98.4251,-76.8742,-15.7899,-25.6225,42.8663,-78.0507,8.31662,-21.4632,-14.219,12.6155,-29.4412,-2.88755,-40.5612,-6.55575,-26.0813,[|0|1|2|3|4|5|6|7|8|9|10|11|12|13|14|15|16|17|18|19|20|21|22|23|24|25|26|],1,
145,-10.1842,15.5693,45.1978,36.7086,3.65881,5.17821,-46.64,-5.45488,23.208,5.88027,9.98854,12.4346,-19.8827,3.59871,6.07096,7.91896,23.1622,-20.2165,-4.19627,-6.40294,-2.84084,2.86346,-10.107,17.26,15.7776,6.38236,-4.19487,[|0|1|2|3|4|5|6|7|8|9|10|11|12|13|14|15|16|17|18|19|20|21|22|23|24|25|26|],1,
146,51.4059,-40.2741,106.882,41.0249,-15.5941,-166.495,-50.7996,118.111,141.284,-89.3786,-81.7649,-66.4108,150.877,83.6925,-16.3918,-148.763,124.601,-76.7849,-1.13563,181.227,-73.6268,-66.1693,92.417,-11.0639,76.5096,-84.3331,31.2583,[|0|1|2|3|4|5|6|7|8|9|10|11|12|13|14|15|16|17|18|19|20|21|22|23|24|25|26|],1,
147,-0.341166,1.13955,-0.336143,0.326189,-0.153187,-0.772491,0.483148,0.305306,0.698284,-0.764029,-0.203556,0.253792,0.230827,-0.504221,-0.528216,0.342225,-0.149767,0.697415,-0.0486423,-0.298003,0.151219,-0.699135,0.216979,0.512265,0,0,0,[|0|1|2|3|4|5|6|7|8|9|10|11|12|13|14|15|16|17|18|19|20|21|22|23|24|25|26|],1,
148,1.12582,-26.9175,-14.1022,48.0217,-7.60909,-28.1008,11.2298,19.8649,37.3444,18.6882,-13.0041,-42.4499,26.6185,14.3258,10.0092,12.9173,-6.96996,2.34245,-5.2133,15.5804,-3.24764,-10.6406,-25.1978,-2.46812,-15.3383,-21.4188,-4.80825,[|0|1|2|3|4|5|6|7|8|9|10|11|12|13|14|15|16|17|18|19|20|21|22|23|24|25|26|],1,
149,0.588079,-0.625094,2.47885,-1.30027,-0.214664,-0.588029,-3.82756,-3.01281,0.0176894,-1.40172,-0.306557,0.538599,4.17471,-4.3496,-0.182753,-0.500264,-5.04807,1.23314,6.65247,-0.162448,-3.54055,4.35593,-0.630279,-1.85911,22.4127,-21.4679,0,[|0|1|2|3|4|5|6|7|8|9|10|11|12|13|14|15|16|17|18|19|20|21|22|23|24|25|26|],1,
150,1.01404,1.51824,-1.16204,-0.630828,3.00364,3.90906,0.923075,-3.14544,2.48767,0.937249,3.19035,1.38742,-0.0978814,-0.250264,-3.22831,-2.10308,0.591668,-3.31471,1.15554,-0.315772,-1.45625,0.358718,1.22851,3.67203,-1.78582,-1.40699,0.243549,[|0|1|2|3|4|5|6|7|8|9|10|11|12|13|14|15|16|17|18|19|20|21|22|23|24|25|26|],1,
